[{"type":"Picture","Condition":"$gameSwitches.value(6) && !$gameSwitches.value(21)","Layer":"0","Image":"SoulGauge","Scale X":"0.35","Scale Y":"0.35","Opacity":"255","Hue":"0","Blend":"0","animateInfo":{"x":{"spd":0,"loop":false,"min":0,"max":0},"y":{"spd":0,"loop":false,"min":0,"max":0},"s":{"spd":0,"loop":false,"min":1,"max":1},"r":{"spd":0,"loop":false,"min":0,"max":0}},"id":7,"x":162,"y":117},{"type":"Picture","Condition":"!$gameSwitches.value(4) & !$gameSwitches.value(21)","Layer":"2","Image":"aa_the_box","Scale X":"0.25","Scale Y":"0.25","Opacity":"255","Hue":"0","Blend":"0","animateInfo":{"x":{"spd":0,"loop":false,"min":0,"max":0},"y":{"spd":0,"loop":false,"min":0,"max":0},"s":{"spd":0,"loop":false,"min":1,"max":1},"r":{"spd":0,"loop":false,"min":-10,"max":0}},"id":5,"x":106,"y":550},{"type":"Picture","Condition":"$gameSwitches.value(4) && !$gameSwitches.value(21)","Layer":"3","Image":"aa_the_box","Scale X":"0.29","Scale Y":"0.29","Opacity":"255","Hue":"0","Blend":"0","animateInfo":{"x":{"spd":0,"loop":false,"min":0,"max":0},"y":{"spd":0,"loop":false,"min":0,"max":0},"s":{"spd":0,"loop":false,"min":1,"max":1},"r":{"spd":0,"loop":false,"min":-10,"max":0}},"id":5,"x":106,"y":550},{"type":"Gauge","Cur. Value":"$gameParty.gold()","Max Value":"10","Condition":"$gameSwitches.value(6) && !$gameSwitches.value(21)","Layer":"-1","Width":"225","Height":"24","Style":"left","Color 1":"#88c6cb","Color 1 Alpha":"255","Color 2":"#88c6cb","Color 2 Alpha":"255","Back Color":"#5b6462","Color 4 Alpha":"255","Outline Size":"0","Outline Color":"#222222","Color 3 Alpha":"255","animateInfo":{"x":{"spd":0,"loop":false,"min":0,"max":0},"y":{"spd":0,"loop":false,"min":0,"max":0},"s":{"spd":0,"loop":false,"min":1,"max":1},"r":{"spd":0,"loop":false,"min":0,"max":0}},"id":1,"x":179,"y":117},{"type":"Picture","Condition":"!$gameSwitches.value(21)","Layer":"0","Image":"HealthGauge","Scale X":"0.35","Scale Y":"0.35","Opacity":"255","Hue":"0","Blend":"0","animateInfo":{"x":{"spd":0,"loop":false,"min":0,"max":0},"y":{"spd":0,"loop":false,"min":0,"max":0},"s":{"spd":0,"loop":false,"min":1,"max":1},"r":{"spd":0,"loop":false,"min":0,"max":0}},"id":10,"x":162,"y":55},{"type":"Gauge","Cur. Value":"$gameParty.leader().hp","Max Value":"$gameParty.leader().mhp","Condition":"!$gameSwitches.value(21)","Layer":"-1","Width":"227","Height":"24","Style":"left","Color 1":"#b167db","Color 1 Alpha":"255","Color 2":"#b167db","Color 2 Alpha":"255","Back Color":"#5b6462","Color 4 Alpha":"255","Outline Size":"0","Outline Color":"#222222","Color 3 Alpha":"255","animateInfo":{"x":{"spd":0,"loop":false,"min":0,"max":0},"y":{"spd":0,"loop":false,"min":0,"max":0},"s":{"spd":0,"loop":false,"min":1,"max":1},"r":{"spd":0,"loop":false,"min":0,"max":0}},"id":12,"x":177,"y":55},{"type":"Text","Value":"Combo!: ${$gameVariables.value(7) == 5 ? 'Max' : $gameVariables.value(7)}","Condition":"!$gameSwitches.value(21)","Layer":"0","Font":"GameFont","Max Width":"176","Align":"left","Font Size":"30","Text Color":"#ffffff","Text Alpha":"255","Outline Color":"#000000","Outline Alpha":"127","animateInfo":{"x":{"spd":0.5,"loop":false,"min":0,"max":0},"y":{"spd":0.5,"loop":false,"min":0,"max":0},"s":{"spd":0,"loop":false,"min":1,"max":1},"r":{"spd":0,"loop":false,"min":0,"max":0}},"id":13,"x":113,"y":474},{"type":"Shape","Layer":"0","Condition":"$gameVariables.value(20) > 0","Shape":"Rectangle","Width":"2500","Height":"1300","Fill Style":"solid","Blend":"0","Color 1":"#ff0000","Color 1 Alpha":"50","Color 2":"#000000","Color 2 Alpha":"255","Outline Size":"0","Outline Color":"#000000","Color 3 Alpha":"255","animateInfo":{"x":{"spd":0,"loop":false,"min":0,"max":0},"y":{"spd":0,"loop":false,"min":0,"max":0},"s":{"spd":0,"loop":false,"min":1,"max":1},"r":{"spd":0,"loop":false,"min":0,"max":0}},"id":14,"x":37.5,"y":37.5},{"type":"Picture","Condition":"!$gameSwitches.value(21)","Layer":"0","Image":"aa_beatline","Scale X":"0.35","Scale Y":"1","Opacity":"255","Hue":"0","Blend":"0","animateInfo":{"x":{"spd":0,"loop":false,"min":0,"max":0},"y":{"spd":0,"loop":false,"min":0,"max":0},"s":{"spd":0,"loop":false,"min":1,"max":1},"r":{"spd":0,"loop":false,"min":0,"max":0}},"id":15,"x":318.3333326,"y":550},{"type":"Picture","Condition":"!$gameSwitches.value(4) & !$gameSwitches.value(21)","Layer":"3","Image":"aa_hitline","Scale X":"0.6","Scale Y":"0.6","Opacity":"255","Hue":"0","Blend":"0","animateInfo":{"x":{"spd":0,"loop":false,"min":0,"max":0},"y":{"spd":0,"loop":false,"min":0,"max":0},"s":{"spd":0,"loop":false,"min":1,"max":1},"r":{"spd":0,"loop":false,"min":0,"max":0}},"id":16,"x":508,"y":527},{"type":"Picture","Condition":"$gameSwitches.value(4) & !$gameSwitches.value(21)","Layer":"4","Image":"aa_hitline","Scale X":"0.66","Scale Y":"0.66","Opacity":"255","Hue":"0","Blend":"0","animateInfo":{"x":{"spd":0,"loop":false,"min":0,"max":0},"y":{"spd":0,"loop":false,"min":0,"max":0},"s":{"spd":0,"loop":false,"min":1,"max":1},"r":{"spd":0,"loop":false,"min":0,"max":0}},"id":17,"x":508,"y":527},{"type":"Picture","Condition":"!$gameSwitches.value(21)","Layer":"2","Image":"aa_note_v2","Scale X":"1","Scale Y":"1","Opacity":"255","Hue":"0","Blend":"0","animateInfo":{"x":{"spd":12.6666666,"loop":true,"min":0,"max":330},"y":{"spd":0,"loop":false,"min":0,"max":0},"s":{"spd":0,"loop":false,"min":1,"max":1},"r":{"spd":0,"loop":false,"min":0,"max":0}},"id":34,"x":179,"y":550},{"type":"Picture","Condition":"$gameSwitches.value(32)","Layer":"0","Image":"aa_arrow","Scale X":"1","Scale Y":"1","Opacity":"255","Hue":"0","Blend":"0","animateInfo":{"x":{"spd":0.5,"loop":false,"min":0,"max":10},"y":{"spd":0,"loop":false,"min":0,"max":0},"s":{"spd":0,"loop":false,"min":1,"max":1},"r":{"spd":0,"loop":false,"min":180,"max":180}},"id":25,"x":576,"y":551},{"type":"Picture","Condition":"$gameSwitches.value(31)","Layer":"0","Image":"aa_arrow","Scale X":"1","Scale Y":"1","Opacity":"255","Hue":"0","Blend":"0","animateInfo":{"x":{"spd":0,"loop":false,"min":0,"max":0},"y":{"spd":0.5,"loop":false,"min":0,"max":10},"s":{"spd":0,"loop":false,"min":1,"max":1},"r":{"spd":0,"loop":false,"min":270,"max":180}},"id":25,"x":519,"y":86},{"type":"Picture","Condition":"$gameSwitches.value(33)","Layer":"0","Image":"aa_arrow","Scale X":"1","Scale Y":"1","Opacity":"255","Hue":"0","Blend":"0","animateInfo":{"x":{"spd":0.5,"loop":false,"min":0,"max":10},"y":{"spd":0,"loop":false,"min":0,"max":0},"s":{"spd":0,"loop":false,"min":1,"max":1},"r":{"spd":0,"loop":false,"min":180,"max":180}},"id":25,"x":217,"y":474},{"type":"Picture","Condition":"$gameSwitches.value(35)","Layer":"0","Image":"aa_arrow","Scale X":"1","Scale Y":"1","Opacity":"255","Hue":"0","Blend":"0","animateInfo":{"x":{"spd":0,"loop":false,"min":0,"max":0},"y":{"spd":0.5,"loop":false,"min":0,"max":10},"s":{"spd":0,"loop":false,"min":1,"max":1},"r":{"spd":0,"loop":false,"min":270,"max":180}},"id":25,"x":609,"y":87},{"type":"Picture","Condition":"$gameSwitches.value(37)","Layer":"0","Image":"aa_arrow","Scale X":"1","Scale Y":"1","Opacity":"255","Hue":"0","Blend":"0","animateInfo":{"x":{"spd":0,"loop":false,"min":0,"max":0},"y":{"spd":0.5,"loop":false,"min":0,"max":10},"s":{"spd":0,"loop":false,"min":1,"max":1},"r":{"spd":0,"loop":false,"min":270,"max":180}},"id":25,"x":576,"y":87},{"type":"Picture","Condition":"$gameSwitches.value(38)","Layer":"0","Image":"aa_arrow","Scale X":"1","Scale Y":"1","Opacity":"255","Hue":"0","Blend":"0","animateInfo":{"x":{"spd":0,"loop":false,"min":0,"max":0},"y":{"spd":0.5,"loop":false,"min":0,"max":10},"s":{"spd":0,"loop":false,"min":1,"max":1},"r":{"spd":0,"loop":false,"min":270,"max":180}},"id":25,"x":647,"y":87},{"type":"Picture","Condition":"$gameSwitches.value(38)","Layer":"0","Image":"aa_arrow","Scale X":"1","Scale Y":"1","Opacity":"255","Hue":"0","Blend":"0","animateInfo":{"x":{"spd":0.5,"loop":false,"min":0,"max":10},"y":{"spd":0,"loop":false,"min":0,"max":0},"s":{"spd":0,"loop":false,"min":1,"max":1},"r":{"spd":0,"loop":false,"min":180,"max":180}},"id":25,"x":343,"y":117},{"type":"Picture","Condition":"$gameSwitches.value(39)","Layer":"0","Image":"aa_arrow","Scale X":"1","Scale Y":"1","Opacity":"255","Hue":"0","Blend":"0","animateInfo":{"x":{"spd":0.5,"loop":false,"min":0,"max":10},"y":{"spd":0,"loop":false,"min":0,"max":0},"s":{"spd":0,"loop":false,"min":1,"max":1},"r":{"spd":0,"loop":false,"min":180,"max":180}},"id":36,"x":530,"y":167},{"type":"Picture","Condition":"!($gameVariables.value(21) == 0) && !$gameSwitches.value(23) && !$gameSwitches.value(21)","Layer":"0","Image":"ButtonNonHover","Scale X":"0.25","Scale Y":"0.25","Opacity":"255","Hue":"255","Blend":"0","animateInfo":{"x":{"spd":0,"loop":false,"min":0,"max":0},"y":{"spd":0,"loop":false,"min":0,"max":0},"s":{"spd":0,"loop":false,"min":1,"max":1},"r":{"spd":0,"loop":false,"min":0,"max":0}},"id":39,"x":37.5,"y":420},{"type":"Picture","Condition":"!($gameVariables.value(21) == 0) && $gameSwitches.value(23) && $gameSwitches.value(21) == false","Layer":"1","Image":"CheckmarkSign","Scale X":"0.25","Scale Y":"0.25","Opacity":"255","Hue":"0","Blend":"0","animateInfo":{"x":{"spd":0,"loop":false,"min":0,"max":0},"y":{"spd":0,"loop":false,"min":0,"max":0},"s":{"spd":0,"loop":false,"min":1,"max":1},"r":{"spd":0,"loop":false,"min":0,"max":0}},"id":41,"x":37.5,"y":420},{"type":"Picture","Condition":"!($gameVariables.value(21) == 0) && $gameSwitches.value(23) && $gameSwitches.value(21) == false","Layer":"0","Image":"ButtonNonHover","Scale X":"0.25","Scale Y":"0.25","Opacity":"255","Hue":"100","Blend":"0","animateInfo":{"x":{"spd":0,"loop":false,"min":0,"max":0},"y":{"spd":0,"loop":false,"min":0,"max":0},"s":{"spd":0,"loop":false,"min":1,"max":1},"r":{"spd":0,"loop":false,"min":0,"max":0}},"id":42,"x":37.5,"y":420},{"type":"Text","Value":"${$gameVariables.value(21) - $gameVariables.value(1)}","Condition":"!($gameVariables.value(21) == 0) && !$gameSwitches.value(23) && !$gameSwitches.value(21)","Layer":"1","Font":"GameFont","Max Width":"50","Align":"center","Font Size":"25","Text Color":"#000000","Text Alpha":"255","Outline Color":"#000000","Outline Alpha":"1","animateInfo":{"x":{"spd":0,"loop":false,"min":0,"max":0},"y":{"spd":0,"loop":false,"min":0,"max":0},"s":{"spd":0,"loop":false,"min":1,"max":1},"r":{"spd":0,"loop":false,"min":0,"max":0}},"id":44,"x":37.5,"y":420},{"type":"Picture","Condition":"$gameSwitches.value(40)","Layer":"0","Image":"aa_arrow","Scale X":"1","Scale Y":"1","Opacity":"255","Hue":"0","Blend":"0","animateInfo":{"x":{"spd":0.5,"loop":false,"min":0,"max":10},"y":{"spd":0,"loop":false,"min":0,"max":0},"s":{"spd":0,"loop":false,"min":1,"max":1},"r":{"spd":0,"loop":false,"min":180,"max":180}},"id":25,"x":106,"y":420}]