[
null,
{"id":1,"expanded":false,"name":"Opening Options","order":1,"parentId":0,"scrollX":1518.6666666666667,"scrollY":854.6666666666666},
{"id":2,"expanded":false,"name":"FairyWorldSpawn","order":2,"parentId":0,"scrollX":1404,"scrollY":782.5714285714286},
{"id":3,"expanded":false,"name":"FairyWorldTraining","order":3,"parentId":0,"scrollX":1404,"scrollY":782.5714285714286},
{"id":4,"expanded":false,"name":"FairyWorld1","order":4,"parentId":0,"scrollX":1116,"scrollY":896.5714285714286},
{"id":5,"expanded":false,"name":"FairyWorld2","order":5,"parentId":0,"scrollX":919.2,"scrollY":290.4},
null,
null,
null,
null,
null,
null,
{"id":12,"expanded":false,"name":"Volcano1","order":7,"parentId":0,"scrollX":1508,"scrollY":854.6666666666666},
{"id":13,"expanded":false,"name":"Volcano2","order":8,"parentId":0,"scrollX":1508,"scrollY":854.6666666666666},
{"id":14,"expanded":false,"name":"Volcano3","order":9,"parentId":0,"scrollX":1518.6666666666667,"scrollY":854.6666666666666},
null,
null,
null,
{"id":18,"expanded":false,"name":"CrystalCaverns2","order":11,"parentId":0,"scrollX":1508,"scrollY":854.6666666666666},
{"id":19,"expanded":false,"name":"FairyWorld3","order":6,"parentId":0,"scrollX":1518.6666666666667,"scrollY":854.6666666666666},
{"id":20,"expanded":false,"name":"CrystalCaverns1","order":10,"parentId":0,"scrollX":1518.6666666666667,"scrollY":854.6666666666666},
{"id":21,"expanded":false,"name":"CrystalCaverns3","order":12,"parentId":0,"scrollX":1404,"scrollY":782.5714285714286}
]