[
null,
{"id":1,"actions":[],"battlerHue":0,"battlerName":"","dropItems":[{"dataId":1,"denominator":1,"kind":0},{"dataId":1,"denominator":1,"kind":0},{"dataId":1,"denominator":1,"kind":0}],"exp":0,"traits":[{"code":22,"dataId":1,"value":1}],"gold":0,"name":"Dummy","note":"Note that we set the evasion rate to 100%\nThis is because in the plugin parameters\nwe're using evasion rate for the move\nresist state. We don't want this enemy\nto be able to be moved\n\n<AIType:none>\n<respawn:60>","params":[2000,0,1,1,1,1,1,1]},
{"id":2,"actions":[{"conditionParam1":0,"conditionParam2":0,"conditionType":0,"rating":5,"skillId":2}],"battlerHue":0,"battlerName":"Bat","dropItems":[{"kind":1,"dataId":1,"denominator":3},{"dataId":1,"denominator":1,"kind":0},{"dataId":1,"denominator":1,"kind":0}],"exp":10,"traits":[{"code":31,"dataId":1,"value":0}],"gold":10,"name":"Bat","note":"<respawn:240>","params":[100,0,10,10,10,10,10,10]},
{"id":3,"actions":[],"battlerHue":0,"battlerName":"","dropItems":[{"dataId":1,"denominator":1,"kind":0},{"dataId":1,"denominator":1,"kind":0},{"dataId":1,"denominator":1,"kind":0}],"exp":0,"traits":[],"gold":0,"name":"Chicken","note":"<AIType:none>\n<noPopup>\n<noHpBar>\n<respawn:120>\n<onDeath>\n$gameVariables.setValue(1, $gameVariables.value(1) + 1);\n</onDeath>","params":[1,0,10,10,10,10,10,10]},
{"id":4,"actions":[{"conditionParam1":0,"conditionParam2":0,"conditionType":0,"rating":5,"skillId":2}],"battlerHue":0,"battlerName":"","dropItems":[{"kind":0,"dataId":0,"denominator":1},{"dataId":1,"denominator":1,"kind":0},{"dataId":1,"denominator":1,"kind":0}],"exp":0,"traits":[{"code":22,"dataId":1,"value":1}],"gold":0,"name":"Campfire","note":"Note that we set the evasion rate to 100%\nThis is because in the plugin parameters\nwe're using evasion rate for the move\nresist state. We don't want this enemy\nto be able to be moved\n\n<AIType:none>\n<noPopup>\n<noHpBar>\n\nWe're going to give this enemy some custom\nAI with eventing. So first we'll add an\nondeath tag to turn on a self switch\nthen the dontErase tag so the event can\nkeep running even if it's dead. The rest\nof the AI is inside the events page.\n\n<onDeath>\nthis.setSelfSwitch('A', true);\n</onDeath>\n<dontErase>","params":[1,100,10,10,10,10,10,10]},
{"id":5,"actions":[{"conditionParam1":0,"conditionParam2":0,"conditionType":0,"rating":5,"skillId":1}],"battlerHue":0,"battlerName":"","dropItems":[{"dataId":1,"denominator":1,"kind":0},{"dataId":1,"denominator":1,"kind":0},{"dataId":1,"denominator":1,"kind":0}],"exp":0,"traits":[{"code":22,"dataId":0,"value":0.95},{"code":22,"dataId":1,"value":0.05},{"code":31,"dataId":1,"value":0}],"gold":0,"name":"","note":"","params":[100,0,10,10,10,10,10,10]}
]