[{"type":"Gauge","Cur. Value":"$gameParty.leader().hp","Max Value":"$gameParty.leader().mhp","Condition":"","Layer":"1","Width":"4","Height":"30","Style":"left","Color 1":"#ff8000","Color 1 Alpha":"255","Color 2":"#ff0000","Color 2 Alpha":"255","Back Color":"#666666","Color 4 Alpha":"255","Outline Size":"1","Outline Color":"#222222","Color 3 Alpha":"255","animateInfo":{"x":{"spd":2.5,"loop":true,"min":-75,"max":75},"y":{"spd":0,"loop":false,"min":0,"max":0},"s":{"spd":1.2,"loop":true,"min":1,"max":1.3},"r":{"spd":0,"loop":false,"min":0,"max":0}},"id":1,"x":408,"y":47},{"type":"Gauge","Cur. Value":"$gameParty.leader().hp","Max Value":"$gameParty.leader().mhp","Condition":"","Layer":"0","Width":"150","Height":"30","Style":"left","Color 1":"#ffffff","Color 1 Alpha":"255","Color 2":"#ffffff","Color 2 Alpha":"255","Back Color":"#ffffff","Color 4 Alpha":"255","Outline Size":"1","Outline Color":"#222222","Color 3 Alpha":"255","animateInfo":{"x":{"spd":0,"loop":false,"min":0,"max":0},"y":{"spd":0,"loop":false,"min":0,"max":0},"s":{"spd":0,"loop":false,"min":1,"max":1},"r":{"spd":0,"loop":false,"min":0,"max":0}},"id":3,"x":408,"y":48},{"type":"Shape","Layer":"0","Condition":"","Shape":"Rectangle","Width":"3","Height":"75","Fill Style":"solid","Blend":"0","Color 1":"#000000","Color 1 Alpha":"255","Color 2":"#000000","Color 2 Alpha":"255","Outline Size":"0","Outline Color":"#000000","Color 3 Alpha":"255","animateInfo":{"x":{"spd":0,"loop":false,"min":0,"max":0},"y":{"spd":0,"loop":false,"min":0,"max":0},"s":{"spd":0,"loop":false,"min":1,"max":1},"r":{"spd":0,"loop":false,"min":0,"max":0}},"id":4,"x":456,"y":51}]