[
null,
{"id":1,"test":true,"animationId":0,"damage":{"critical":true,"elementId":-1,"formula":"$gameSwitches.value(2) === true ? 2 : 1","type":0,"variance":0},"description":"Necronomibox Melee attack.","effects":[],"hitType":1,"iconIndex":76,"message1":"","message2":"","mpCost":0,"name":"BoxCentre","note":"<absSettings>\ncooldown: 30\nthrough 0\n</absSettings>\n<absSequence>\nuser casting true\nuser lock\nuser pose atk\nuser forceSkill 2 -50\nuser forceSkill 3\nuser forceSkill 4\nuser forceSkill 5 50\nwait 15\nuser casting false\n</absSequence>\n<absOnDamage>\ntarget cancel\ntarget jump away 12\n</absOnDamage>","occasion":1,"repeats":1,"requiredWtypeId1":0,"requiredWtypeId2":0,"scope":2,"speed":0,"stypeId":0,"successRate":100,"tpCost":0,"tpGain":0},
{"id":2,"test":true,"animationId":0,"damage":{"critical":true,"elementId":-1,"formula":"$gameSwitches.value(2) === true ? 2 : 1","type":1,"variance":0},"description":"Necronomibox Melee attack central hitbox.","effects":[],"hitType":1,"iconIndex":76,"message1":"","message2":"","mpCost":0,"name":"BoxProjectile1","note":"<absSettings>\ncollider: box, 48, 24\nthrough 0\nrotate: true\ninfront: true\ncooldown: 60\n</absSettings>\n<absSequence>\nuser casting true\nuser lock\nuser pose atk\nmove forward 40 0 true\ncollider show\ntrigger\nwait 10\nuser casting false\n</absSequence>\n<absOnDamage>\ntarget cancel\ntarget jump away 12\n</absOnDamage>","occasion":1,"repeats":1,"requiredWtypeId1":0,"requiredWtypeId2":0,"scope":2,"speed":0,"stypeId":0,"successRate":100,"tpCost":0,"tpGain":0},
{"id":3,"test":true,"animationId":0,"damage":{"critical":true,"elementId":-1,"formula":"$gameSwitches.value(2) === true ? 2 : 1","type":1,"variance":0},"description":"Necronomibox Melee attack central hitbox.","effects":[],"hitType":1,"iconIndex":76,"message1":"","message2":"","mpCost":0,"name":"Box Close","note":"<absSettings>\ncollider: box, 48, 36\nthrough 0\nrotate: true\ninfront: true\ncooldown: 60\n</absSettings>\n<absSequence>\nuser casting true\nuser lock\nuser pose atk\nwait 5\ncollider show\ntrigger\nwait 10\nuser casting false\n</absSequence>\n<absOnDamage>\ntarget cancel\ntarget jump away 12\n</absOnDamage>","occasion":1,"repeats":1,"requiredWtypeId1":0,"requiredWtypeId2":0,"scope":2,"speed":0,"stypeId":0,"successRate":100,"tpCost":0,"tpGain":0},
{"id":4,"test":true,"animationId":4,"damage":{"critical":true,"elementId":-1,"formula":"$gameSwitches.value(2) === true ? 2 : 1","type":1,"variance":0},"description":"Necronomibox Melee attack central hitbox.","effects":[],"hitType":1,"iconIndex":76,"message1":"","message2":"","mpCost":0,"name":"BoxProjectile2","note":"<absSettings>\ncollider: box, 48, 24\nthrough 0\nrotate: true\ninfront: true\ncooldown: 60\n</absSettings>\n<absSequence>\nuser casting true\nuser lock\nuser pose atk\nwait 5\nmove forward 40 0 true\ncollider show\ntrigger\nwait 10\nuser casting false\n</absSequence>\n<absOnDamage>\ntarget cancel\ntarget jump away 12\n</absOnDamage>","occasion":1,"repeats":1,"requiredWtypeId1":0,"requiredWtypeId2":0,"scope":2,"speed":0,"stypeId":0,"successRate":100,"tpCost":0,"tpGain":0},
{"id":5,"test":true,"animationId":0,"damage":{"critical":true,"elementId":-1,"formula":"$gameSwitches.value(2) === true ? 2 : 1","type":1,"variance":0},"description":"Necronomibox Melee attack central hitbox.","effects":[],"hitType":1,"iconIndex":76,"message1":"","message2":"","mpCost":0,"name":"BoxProjectile3","note":"<absSettings>\ncollider: box, 48, 24\nthrough 0\nrotate: true\ninfront: true\ncooldown: 60\n</absSettings>\n<absSequence>\nuser casting true\nuser lock\nuser pose atk\nwait 10\nmove forward 40 0 true\ncollider show\ntrigger\nwait 10\nuser casting false\n</absSequence>\n<absOnDamage>\ntarget cancel\ntarget jump away 12\n</absOnDamage>","occasion":1,"repeats":1,"requiredWtypeId1":0,"requiredWtypeId2":0,"scope":2,"speed":0,"stypeId":0,"successRate":100,"tpCost":0,"tpGain":0},
{"id":6,"animationId":0,"damage":{"critical":false,"elementId":0,"formula":"0","type":0,"variance":20},"description":"","effects":[],"hitType":0,"iconIndex":0,"message1":"","message2":"","mpCost":0,"name":"","note":"","occasion":0,"repeats":1,"requiredWtypeId1":0,"requiredWtypeId2":0,"scope":1,"speed":0,"stypeId":1,"successRate":100,"tpCost":0,"tpGain":0},
{"id":7,"animationId":0,"damage":{"critical":false,"elementId":0,"formula":"1//a.atk","type":0,"variance":20},"description":"Dash away to escape a foe,\nor close the distance for a melee attack..","effects":[{"code":21,"dataId":2,"value1":1,"value2":0}],"hitType":0,"iconIndex":82,"message1":"","message2":"","mpCost":0,"name":"Dash","note":"<towardsMove>\n<absSettings>\ncooldown: 30\n</absSettings>\n<absSequence>\nuser lock\nmove forward 200 0 true\nuser speed inc 3\nuser moveHere true\nuser speed dec 3\n</absSequence>","occasion":1,"repeats":1,"requiredWtypeId1":0,"requiredWtypeId2":0,"scope":11,"speed":0,"stypeId":0,"successRate":100,"tpCost":0,"tpGain":0},
{"id":8,"animationId":0,"damage":{"critical":false,"elementId":0,"formula":"0","type":0,"variance":20},"description":"","effects":[],"hitType":0,"iconIndex":0,"message1":"","message2":"","mpCost":0,"name":"","note":"","occasion":0,"repeats":1,"requiredWtypeId1":0,"requiredWtypeId2":0,"scope":1,"speed":0,"stypeId":1,"successRate":100,"tpCost":0,"tpGain":0},
{"id":9,"test":true,"animationId":4,"damage":{"critical":true,"elementId":-1,"formula":"1//a.atk","type":0,"variance":0},"description":"Launch a powerful soundwave in a \ncone infont of you.","effects":[],"hitType":1,"iconIndex":78,"message1":"","message2":"","mpCost":0,"name":"WaveCentre","note":"<absSettings>\ncooldown: 30\nthrough 0\n</absSettings>\n<absSequence>\nuser casting true\nuser lock\nuser pose atk\nwait 15\nuser forceSkill 10 -45\nuser forceSkill 10 -42\nuser forceSkill 10 -39\nuser forceSkill 10 -36\nuser forceSkill 10 -33\nuser forceSkill 10 -30\nuser forceSkill 10 -27\nuser forceSkill 10 -24\nuser forceSkill 10 -21\nuser forceSkill 10 -18\nuser forceSkill 10 -15\nuser forceSkill 10 -12\nuser forceSkill 10 -9\nuser forceSkill 10 -6\nuser forceSkill 10 -3\nuser forceSkill 10\nuser forceSkill 10 3\nuser forceSkill 10 6\nuser forceSkill 10 9\nuser forceSkill 10 12\nuser forceSkill 10 15\nuser forceSkill 10 18\nuser forceSkill 10 21\nuser forceSkill 10 24\nuser forceSkill 10 27\nuser forceSkill 10 30\nuser forceSkill 10 33\nuser forceSkill 10 36\nuser forceSkill 10 39\nuser forceSkill 10 42\nuser forceSkill 10 45\ntrigger\nwait 15\nuser casting false\n</absSequence>\n<absOnDamage>\ntarget cancel\ntarget jump away 12\n</absOnDamage>","occasion":1,"repeats":1,"requiredWtypeId1":0,"requiredWtypeId2":0,"scope":2,"speed":0,"stypeId":0,"successRate":100,"tpCost":0,"tpGain":0},
{"id":10,"animationId":0,"damage":{"critical":false,"elementId":0,"formula":"1//a.atk","type":1,"variance":20},"description":"","effects":[],"hitType":0,"iconIndex":0,"message1":"","message2":"","mpCost":0,"name":"Wave","note":"<absSettings>\ncollider: box, 20, 10\nthrough 1\nrotate: true\ninfront: true\n</absSettings>\n<absSequence>\npicture shockwaveSegment true 6\ntrigger\nmove forward 500 60 false\nwait 5\n</absSequence>\n<absOnDamage>\ntarget cancel\ntarget jump away 2\n</absOnDamage>","occasion":0,"repeats":1,"requiredWtypeId1":0,"requiredWtypeId2":0,"scope":1,"speed":0,"stypeId":1,"successRate":100,"tpCost":0,"tpGain":0},
{"id":11,"animationId":5,"damage":{"critical":false,"elementId":0,"formula":"5//a.atk","type":1,"variance":20},"description":"Medium range projectile\nthat packs a punch.","effects":[],"hitType":0,"iconIndex":104,"message1":"","message2":"","mpCost":0,"name":"Cassette","note":"<absSettings>\ncollider: box, 30, 30\nthrough: 3\ncooldown: 30\nrotate: true\ninfront: true\n</absSettings>\n<absSequence>\npicture cassette true 6\ntrigger\nmove forward 300 30 false\nwait 5\n</absSequence>\n<absOnDamage>\ntarget cancel\ntarget jump away 30\n</absOnDamage>","occasion":0,"repeats":1,"requiredWtypeId1":0,"requiredWtypeId2":0,"scope":1,"speed":0,"stypeId":0,"successRate":100,"tpCost":0,"tpGain":0},
{"id":12,"animationId":-1,"damage":{"critical":true,"elementId":-1,"formula":"a.atk","type":0,"variance":0},"description":"Shoots an arrow that pierces through enemies.","effects":[],"hitType":1,"iconIndex":74,"message1":" attacks!","message2":"","mpCost":0,"name":"Ranged Attack","note":"<absSettings>\ncollider: box, 12, 36\nthrough: 3\n</absSettings>\n<absSequence>\nuser lock\nuser pose atk\nwait 15\nuser forceSkill 19\nwait 15\n</absSequence>","occasion":1,"repeats":1,"requiredWtypeId1":0,"requiredWtypeId2":0,"scope":1,"speed":0,"stypeId":0,"successRate":100,"tpCost":0,"tpGain":10},
{"id":13,"animationId":0,"damage":{"critical":false,"elementId":0,"formula":"0","type":0,"variance":20},"description":"","effects":[],"hitType":0,"iconIndex":0,"message1":"","message2":"","mpCost":0,"name":"","note":"","occasion":0,"repeats":1,"requiredWtypeId1":0,"requiredWtypeId2":0,"scope":1,"speed":0,"stypeId":1,"successRate":100,"tpCost":0,"tpGain":0},
{"id":14,"animationId":0,"damage":{"critical":false,"elementId":4,"formula":"100 + a.mat * 2 - b.mdf * 2","type":1,"variance":20},"description":"","effects":[],"hitType":2,"iconIndex":66,"message1":" casts %1!","message2":"","mpCost":5,"name":"Summon","note":"<absSettings>\ncollider: circle, 480, 480\ncooldown: 300\n</absSettings>\n<absSequence>\ngloballock\ncollider show\nuser pose atk false\nanimation 80\nwait 20\ntrigger\nwait 30\ntrigger\nwait 40\ntrigger\nwait 4\nglobalunlock\n</absSequence>","occasion":1,"repeats":1,"requiredWtypeId1":0,"requiredWtypeId2":0,"scope":1,"speed":0,"stypeId":1,"successRate":100,"tpCost":0,"tpGain":10},
{"id":15,"animationId":0,"damage":{"critical":false,"elementId":0,"formula":"0","type":0,"variance":20},"description":"","effects":[],"hitType":0,"iconIndex":0,"message1":"","message2":"","mpCost":0,"name":"","note":"","occasion":0,"repeats":1,"requiredWtypeId1":0,"requiredWtypeId2":0,"scope":1,"speed":0,"stypeId":1,"successRate":100,"tpCost":0,"tpGain":0},
{"id":16,"animationId":0,"damage":{"critical":false,"elementId":0,"formula":"0","type":0,"variance":20},"description":"","effects":[],"hitType":0,"iconIndex":0,"message1":"","message2":"","mpCost":0,"name":"","note":"","occasion":0,"repeats":1,"requiredWtypeId1":0,"requiredWtypeId2":0,"scope":1,"speed":0,"stypeId":1,"successRate":100,"tpCost":0,"tpGain":0},
{"id":17,"animationId":0,"damage":{"critical":false,"elementId":0,"formula":"0","type":0,"variance":20},"description":"Block Attacks","effects":[{"code":21,"dataId":18,"value1":1,"value2":0}],"hitType":0,"iconIndex":81,"message1":"","message2":"","mpCost":0,"name":"Block","note":"<absSettings>\ncooldown: 15\n</absSettings>\n<absSequence>\nuser pose block\ntrigger\nwait 15\n</absSequence>","occasion":0,"repeats":1,"requiredWtypeId1":0,"requiredWtypeId2":0,"scope":11,"speed":0,"stypeId":1,"successRate":100,"tpCost":0,"tpGain":0},
{"id":18,"animationId":0,"damage":{"critical":false,"elementId":0,"formula":"0","type":0,"variance":20},"description":"","effects":[],"hitType":0,"iconIndex":0,"message1":"","message2":"","mpCost":0,"name":"","note":"","occasion":0,"repeats":1,"requiredWtypeId1":0,"requiredWtypeId2":0,"scope":1,"speed":0,"stypeId":1,"successRate":100,"tpCost":0,"tpGain":0},
{"id":19,"animationId":-1,"damage":{"critical":true,"elementId":-1,"formula":"a.atk","type":1,"variance":0},"description":"Shoots an arrow that pierces through enemies.","effects":[],"hitType":1,"iconIndex":74,"message1":" attacks!","message2":"","mpCost":0,"name":"Arrow","note":"<absSettings>\ncollider: box, 12, 36\nthrough: 3\n</absSettings>\n<absSequence>\nadjustAim\npicture arrow true 4\nmove forward 480 20\n</absSequence>","occasion":1,"repeats":1,"requiredWtypeId1":0,"requiredWtypeId2":0,"scope":1,"speed":0,"stypeId":0,"successRate":100,"tpCost":0,"tpGain":10},
{"id":20,"animationId":-1,"damage":{"critical":true,"elementId":-1,"formula":"a.atk","type":0,"variance":0},"description":"Shoots an arrow that pierces through enemies.","effects":[],"hitType":1,"iconIndex":74,"message1":" attacks!","message2":"","mpCost":0,"name":"Explosive Arrow","note":"<absSettings>\ncollider: box, 12, 36\nthrough: 3\n</absSettings>\n<absSequence>\nadjustAim\npicture arrow true 4\nmove forward 480 20 true\nforceSkill 8\n</absSequence>","occasion":1,"repeats":1,"requiredWtypeId1":0,"requiredWtypeId2":0,"scope":1,"speed":0,"stypeId":0,"successRate":100,"tpCost":0,"tpGain":10},
{"id":21,"animationId":0,"damage":{"critical":false,"elementId":0,"formula":"0","type":0,"variance":20},"description":"","effects":[],"hitType":0,"iconIndex":0,"message1":"","message2":"","mpCost":0,"name":"Explosive Ranged Attack","note":"<absSettings>\ncollider: box, 12, 36\nthrough: 3\n</absSettings>\n<absSequence>\nuser lock\nuser pose atk\nwait 15\nuser forceSkill 20\nwait 15\n</absSequence>","occasion":0,"repeats":1,"requiredWtypeId1":0,"requiredWtypeId2":0,"scope":1,"speed":0,"stypeId":1,"successRate":100,"tpCost":0,"tpGain":0},
{"id":22,"animationId":0,"damage":{"critical":false,"elementId":0,"formula":"0","type":0,"variance":20},"description":"","effects":[],"hitType":0,"iconIndex":0,"message1":"","message2":"","mpCost":0,"name":"Spread Ranged Attack","note":"<absSettings>\ncollider: box, 12, 36\nthrough: 3\n</absSettings>\n<absSequence>\nuser lock\nuser pose atk\nwait 15\nuser forceSkill 19\nuser forceSkill 19 4\nuser forceSkill 19 8\nuser forceSkill 19 -4\nuser forceSkill 19 -8\nwait 15\n</absSequence>","occasion":0,"repeats":1,"requiredWtypeId1":0,"requiredWtypeId2":0,"scope":1,"speed":0,"stypeId":1,"successRate":100,"tpCost":0,"tpGain":0}
]