[
null,
{"id":1,"list":[{"code":112,"indent":0,"parameters":[]},{"code":241,"indent":1,"parameters":[{"name":"park_theme","volume":90,"pitch":100,"pan":0}]},{"code":112,"indent":1,"parameters":[]},{"code":230,"indent":2,"parameters":[43]},{"code":203,"indent":2,"parameters":[0,0,2,0,0]},{"code":230,"indent":2,"parameters":[12]},{"code":203,"indent":2,"parameters":[0,0,1,0,0]},{"code":111,"indent":2,"parameters":[0,7,0]},{"code":122,"indent":3,"parameters":[7,7,0,0,0]},{"code":0,"indent":3,"parameters":[]},{"code":411,"indent":2,"parameters":[]},{"code":111,"indent":3,"parameters":[0,8,0]},{"code":111,"indent":4,"parameters":[1,7,0,5,4]},{"code":122,"indent":5,"parameters":[7,7,1,0,1]},{"code":0,"indent":5,"parameters":[]},{"code":412,"indent":4,"parameters":[]},{"code":0,"indent":4,"parameters":[]},{"code":412,"indent":3,"parameters":[]},{"code":0,"indent":3,"parameters":[]},{"code":412,"indent":2,"parameters":[]},{"code":121,"indent":2,"parameters":[8,8,1]},{"code":121,"indent":2,"parameters":[7,7,0]},{"code":230,"indent":2,"parameters":[5]},{"code":0,"indent":2,"parameters":[]},{"code":413,"indent":1,"parameters":[]},{"code":0,"indent":1,"parameters":[]},{"code":413,"indent":0,"parameters":[]},{"code":0,"indent":0,"parameters":[]}],"name":"BG Music Player/Rhythm Timer","switchId":5,"trigger":0},
{"id":2,"list":[{"code":112,"indent":0,"parameters":[]},{"code":230,"indent":1,"parameters":[1]},{"code":111,"indent":1,"parameters":[1,5,0,37,1]},{"code":111,"indent":2,"parameters":[1,5,0,53,2]},{"code":121,"indent":3,"parameters":[3,3,0]},{"code":0,"indent":3,"parameters":[]},{"code":412,"indent":2,"parameters":[]},{"code":0,"indent":2,"parameters":[]},{"code":412,"indent":1,"parameters":[]},{"code":111,"indent":1,"parameters":[1,5,0,53,3]},{"code":121,"indent":2,"parameters":[3,3,1]},{"code":0,"indent":2,"parameters":[]},{"code":412,"indent":1,"parameters":[]},{"code":111,"indent":1,"parameters":[1,5,0,37,0]},{"code":121,"indent":2,"parameters":[3,3,1]},{"code":0,"indent":2,"parameters":[]},{"code":412,"indent":1,"parameters":[]},{"code":0,"indent":1,"parameters":[]},{"code":413,"indent":0,"parameters":[]},{"code":0,"indent":0,"parameters":[]}],"name":"Rhythm Timer Ranged","switchId":5,"trigger":2},
{"id":3,"list":[{"code":112,"indent":0,"parameters":[]},{"code":230,"indent":1,"parameters":[1]},{"code":111,"indent":1,"parameters":[1,5,0,43,1]},{"code":111,"indent":2,"parameters":[1,5,0,48,2]},{"code":121,"indent":3,"parameters":[4,4,0]},{"code":0,"indent":3,"parameters":[]},{"code":412,"indent":2,"parameters":[]},{"code":0,"indent":2,"parameters":[]},{"code":412,"indent":1,"parameters":[]},{"code":111,"indent":1,"parameters":[1,5,0,48,3]},{"code":121,"indent":2,"parameters":[4,4,1]},{"code":0,"indent":2,"parameters":[]},{"code":412,"indent":1,"parameters":[]},{"code":111,"indent":1,"parameters":[1,5,0,43,0]},{"code":121,"indent":2,"parameters":[4,4,1]},{"code":0,"indent":2,"parameters":[]},{"code":412,"indent":1,"parameters":[]},{"code":0,"indent":1,"parameters":[]},{"code":413,"indent":0,"parameters":[]},{"code":0,"indent":0,"parameters":[]}],"name":"Rhythm Timer Box HUD","switchId":5,"trigger":2},
{"id":4,"list":[{"code":122,"indent":0,"parameters":[11,11,0,3,5,-1,1]},{"code":122,"indent":0,"parameters":[10,10,0,3,5,-1,0]},{"code":355,"indent":0,"parameters":["$gameVariables.setValue(12, parseInt(Math.atan2($gameVariables.value(8) - $gameVariables.value(10), $gameVariables.value(9) - $gameVariables.value(11)) * 180 / Math.PI));"]},{"code":355,"indent":0,"parameters":["SetAnimationMove(33, {"]},{"code":655,"indent":0,"parameters":["rotation: [-$gameVariables.value(12), -$gameVariables.value(12)]"]},{"code":655,"indent":0,"parameters":["});"]},{"code":212,"indent":0,"parameters":[-1,33,false]},{"code":0,"indent":0,"parameters":[]}],"name":"SuperWave","switchId":1,"trigger":2},
{"id":5,"list":[{"code":122,"indent":0,"parameters":[11,11,0,3,5,-1,1]},{"code":122,"indent":0,"parameters":[10,10,0,3,5,-1,0]},{"code":355,"indent":0,"parameters":["$gameVariables.setValue(12, parseInt(Math.atan2($gameVariables.value(8) - $gameVariables.value(10), $gameVariables.value(9) - $gameVariables.value(11)) * 180 / Math.PI));"]},{"code":355,"indent":0,"parameters":["SetAnimationMove(34, {"]},{"code":655,"indent":0,"parameters":["rotation: [-$gameVariables.value(12), -$gameVariables.value(12)]"]},{"code":655,"indent":0,"parameters":["});"]},{"code":212,"indent":0,"parameters":[-1,34,false]},{"code":0,"indent":0,"parameters":[]}],"name":"InnerSuperWave","switchId":1,"trigger":2},
{"id":6,"list":[{"code":122,"indent":0,"parameters":[11,11,0,3,5,-1,1]},{"code":122,"indent":0,"parameters":[10,10,0,3,5,-1,0]},{"code":355,"indent":0,"parameters":["$gameVariables.setValue(12, parseInt(Math.atan2($gameVariables.value(8) - $gameVariables.value(10), $gameVariables.value(9) - $gameVariables.value(11)) * 180 / Math.PI));"]},{"code":355,"indent":0,"parameters":["SetAnimationMove(35, {"]},{"code":655,"indent":0,"parameters":["rotation: [-$gameVariables.value(12), -$gameVariables.value(12)]"]},{"code":655,"indent":0,"parameters":["});"]},{"code":212,"indent":0,"parameters":[-1,35,false]},{"code":112,"indent":0,"parameters":[]},{"code":111,"indent":1,"parameters":[7,1,2]},{"code":113,"indent":2,"parameters":[]},{"code":0,"indent":2,"parameters":[]},{"code":412,"indent":1,"parameters":[]},{"code":125,"indent":1,"parameters":[1,0,1]},{"code":0,"indent":1,"parameters":[]},{"code":413,"indent":0,"parameters":[]},{"code":318,"indent":0,"parameters":[0,1,1,8]},{"code":0,"indent":0,"parameters":[]}],"name":"SuperCassette","switchId":1,"trigger":2},
{"id":7,"list":[{"code":112,"indent":0,"parameters":[]},{"code":230,"indent":1,"parameters":[10]},{"code":111,"indent":1,"parameters":[7,20,0]},{"code":318,"indent":2,"parameters":[0,1,0,8]},{"code":112,"indent":2,"parameters":[]},{"code":111,"indent":3,"parameters":[7,21,2]},{"code":113,"indent":4,"parameters":[]},{"code":0,"indent":4,"parameters":[]},{"code":412,"indent":3,"parameters":[]},{"code":125,"indent":3,"parameters":[1,0,1]},{"code":0,"indent":3,"parameters":[]},{"code":413,"indent":2,"parameters":[]},{"code":0,"indent":2,"parameters":[]},{"code":412,"indent":1,"parameters":[]},{"code":111,"indent":1,"parameters":[8,1]},{"code":311,"indent":2,"parameters":[0,1,0,0,1,false]},{"code":126,"indent":2,"parameters":[1,1,0,1]},{"code":0,"indent":2,"parameters":[]},{"code":412,"indent":1,"parameters":[]},{"code":0,"indent":1,"parameters":[]},{"code":413,"indent":0,"parameters":[]},{"code":0,"indent":0,"parameters":[]}],"name":"Main Loop","switchId":5,"trigger":2},
{"id":8,"list":[{"code":111,"indent":0,"parameters":[0,2,0]},{"code":121,"indent":1,"parameters":[7,7,1]},{"code":121,"indent":1,"parameters":[8,8,0]},{"code":0,"indent":1,"parameters":[]},{"code":412,"indent":0,"parameters":[]},{"code":0,"indent":0,"parameters":[]}],"name":"Continue Combo Melee","switchId":1,"trigger":0},
{"id":9,"list":[{"code":111,"indent":0,"parameters":[0,3,0]},{"code":121,"indent":1,"parameters":[7,7,1]},{"code":121,"indent":1,"parameters":[8,8,0]},{"code":0,"indent":1,"parameters":[]},{"code":412,"indent":0,"parameters":[]},{"code":0,"indent":0,"parameters":[]}],"name":"Continue Combo Ranged","switchId":1,"trigger":0},
{"id":10,"list":[{"code":230,"indent":0,"parameters":[5]},{"code":111,"indent":0,"parameters":[0,2,0]},{"code":121,"indent":1,"parameters":[7,7,1]},{"code":0,"indent":1,"parameters":[]},{"code":412,"indent":0,"parameters":[]},{"code":0,"indent":0,"parameters":[]}],"name":"Extend Combo","switchId":1,"trigger":0},
{"id":11,"list":[{"code":122,"indent":0,"parameters":[11,11,0,3,5,-1,1]},{"code":122,"indent":0,"parameters":[10,10,0,3,5,-1,0]},{"code":355,"indent":0,"parameters":["$gameVariables.setValue(12, parseInt(Math.atan2($gameVariables.value(8) - $gameVariables.value(10), $gameVariables.value(9) - $gameVariables.value(11)) * 180 / Math.PI));"]},{"code":355,"indent":0,"parameters":["SetAnimationMove(6, {"]},{"code":655,"indent":0,"parameters":["rotation: [-$gameVariables.value(12), -$gameVariables.value(12)]"]},{"code":655,"indent":0,"parameters":["});"]},{"code":212,"indent":0,"parameters":[-1,6,false]},{"code":0,"indent":0,"parameters":[]}],"name":"BoxMelee","switchId":1,"trigger":2},
{"id":12,"list":[{"code":212,"indent":0,"parameters":[-1,33,false]},{"code":0,"indent":0,"parameters":[]}],"name":"EndBlast1","switchId":1,"trigger":0},
{"id":13,"list":[{"code":212,"indent":0,"parameters":[-1,34,false]},{"code":0,"indent":0,"parameters":[]}],"name":"EndBlast2","switchId":1,"trigger":0},
{"id":14,"list":[{"code":212,"indent":0,"parameters":[-1,35,false]},{"code":0,"indent":0,"parameters":[]}],"name":"EndBlast3","switchId":1,"trigger":0},
{"id":15,"list":[{"code":112,"indent":0,"parameters":[]},{"code":230,"indent":1,"parameters":[1]},{"code":122,"indent":1,"parameters":[5,5,0,4,"AudioManager.getBgmSeek()%1*100"]},{"code":0,"indent":1,"parameters":[]},{"code":413,"indent":0,"parameters":[]},{"code":0,"indent":0,"parameters":[]}],"name":"BGM Timing Handler","switchId":5,"trigger":2},
{"id":16,"list":[{"code":112,"indent":0,"parameters":[]},{"code":230,"indent":1,"parameters":[1]},{"code":111,"indent":1,"parameters":[1,5,0,43,1]},{"code":111,"indent":2,"parameters":[1,5,0,55,2]},{"code":121,"indent":3,"parameters":[9,9,1]},{"code":121,"indent":3,"parameters":[2,2,0]},{"code":0,"indent":3,"parameters":[]},{"code":412,"indent":2,"parameters":[]},{"code":0,"indent":2,"parameters":[]},{"code":412,"indent":1,"parameters":[]},{"code":111,"indent":1,"parameters":[1,5,0,55,3]},{"code":121,"indent":2,"parameters":[2,2,1]},{"code":0,"indent":2,"parameters":[]},{"code":412,"indent":1,"parameters":[]},{"code":111,"indent":1,"parameters":[1,5,0,43,0]},{"code":121,"indent":2,"parameters":[2,2,1]},{"code":0,"indent":2,"parameters":[]},{"code":412,"indent":1,"parameters":[]},{"code":111,"indent":1,"parameters":[1,5,0,56,1]},{"code":111,"indent":2,"parameters":[0,9,1]},{"code":111,"indent":3,"parameters":[0,7,0]},{"code":122,"indent":4,"parameters":[7,7,0,0,0]},{"code":0,"indent":4,"parameters":[]},{"code":411,"indent":3,"parameters":[]},{"code":111,"indent":4,"parameters":[0,8,0]},{"code":111,"indent":5,"parameters":[1,7,0,5,4]},{"code":122,"indent":6,"parameters":[7,7,1,0,1]},{"code":0,"indent":6,"parameters":[]},{"code":412,"indent":5,"parameters":[]},{"code":0,"indent":5,"parameters":[]},{"code":412,"indent":4,"parameters":[]},{"code":0,"indent":4,"parameters":[]},{"code":412,"indent":3,"parameters":[]},{"code":121,"indent":3,"parameters":[8,8,1]},{"code":121,"indent":3,"parameters":[7,7,0]},{"code":121,"indent":3,"parameters":[9,9,0]},{"code":0,"indent":3,"parameters":[]},{"code":412,"indent":2,"parameters":[]},{"code":0,"indent":2,"parameters":[]},{"code":412,"indent":1,"parameters":[]},{"code":0,"indent":1,"parameters":[]},{"code":413,"indent":0,"parameters":[]},{"code":0,"indent":0,"parameters":[]}],"name":"Rhythm Timer Melee","switchId":5,"trigger":2},
{"id":17,"list":[{"code":241,"indent":0,"parameters":[{"name":"park_theme","volume":90,"pitch":100,"pan":0}]},{"code":0,"indent":0,"parameters":[]}],"name":"","switchId":5,"trigger":2}
]