[{"type":"Gauge","Cur. Value":"$gameParty.gold()","Max Value":"20","Condition":"false","Layer":"-1","Width":"34","Height":"322","Style":"up","Color 1":"#88c6cb","Color 1 Alpha":"255","Color 2":"#88c6cb","Color 2 Alpha":"255","Back Color":"#5b6462","Color 4 Alpha":"255","Outline Size":"0","Outline Color":"#222222","Color 3 Alpha":"255","animateInfo":{"x":{"spd":0,"loop":false,"min":0,"max":0},"y":{"spd":0,"loop":false,"min":0,"max":0},"s":{"spd":0,"loop":false,"min":1,"max":1},"r":{"spd":0,"loop":false,"min":0,"max":0}},"id":1,"x":699,"y":226},{"type":"Picture","Condition":"","Layer":"0","Image":"SoulGauge","Scale X":"0.35","Scale Y":"0.35","Opacity":"255","Hue":"0","Blend":"0","animateInfo":{"x":{"spd":0,"loop":false,"min":0,"max":0},"y":{"spd":0,"loop":false,"min":0,"max":0},"s":{"spd":0,"loop":false,"min":1,"max":1},"r":{"spd":0,"loop":false,"min":0,"max":0}},"id":7,"x":161,"y":574},{"type":"Picture","Condition":"!$gameSwitches.value(4)","Layer":"-1","Image":"aa_the_box","Scale X":"0.25","Scale Y":"0.25","Opacity":"255","Hue":"0","Blend":"0","animateInfo":{"x":{"spd":0,"loop":false,"min":0,"max":0},"y":{"spd":0,"loop":false,"min":0,"max":0},"s":{"spd":0,"loop":false,"min":1,"max":1},"r":{"spd":0,"loop":false,"min":0,"max":0}},"id":5,"x":116,"y":104},{"type":"Picture","Condition":"$gameSwitches.value(4)","Layer":"-1","Image":"aa_the_box","Scale X":"0.29","Scale Y":"0.29","Opacity":"255","Hue":"0","Blend":"0","animateInfo":{"x":{"spd":0,"loop":false,"min":0,"max":0},"y":{"spd":0,"loop":false,"min":0,"max":0},"s":{"spd":0,"loop":false,"min":1,"max":1},"r":{"spd":0,"loop":false,"min":0,"max":0}},"id":5,"x":116,"y":104},{"type":"Picture","Condition":"","Layer":"-12","Image":"MagicCircle","Scale X":"1.35","Scale Y":"1.35","Opacity":"255","Hue":"100","Blend":"0","animateInfo":{"x":{"spd":0,"loop":false,"min":0,"max":0},"y":{"spd":0,"loop":false,"min":0,"max":0},"s":{"spd":0,"loop":false,"min":1,"max":1},"r":{"spd":1,"loop":true,"min":0,"max":360}},"id":9,"x":116,"y":104},{"type":"Gauge","Cur. Value":"$gameParty.gold()","Max Value":"20","Condition":"true","Layer":"-1","Width":"225","Height":"24","Style":"left","Color 1":"#88c6cb","Color 1 Alpha":"255","Color 2":"#88c6cb","Color 2 Alpha":"255","Back Color":"#5b6462","Color 4 Alpha":"255","Outline Size":"0","Outline Color":"#222222","Color 3 Alpha":"255","animateInfo":{"x":{"spd":0,"loop":false,"min":0,"max":0},"y":{"spd":0,"loop":false,"min":0,"max":0},"s":{"spd":0,"loop":false,"min":1,"max":1},"r":{"spd":0,"loop":false,"min":0,"max":0}},"id":1,"x":179,"y":573},{"type":"Picture","Condition":"","Layer":"0","Image":"HealthGauge","Scale X":"0.35","Scale Y":"0.35","Opacity":"255","Hue":"0","Blend":"0","animateInfo":{"x":{"spd":0,"loop":false,"min":0,"max":0},"y":{"spd":0,"loop":false,"min":0,"max":0},"s":{"spd":0,"loop":false,"min":1,"max":1},"r":{"spd":0,"loop":false,"min":0,"max":0}},"id":10,"x":161,"y":513},{"type":"Gauge","Cur. Value":"$gameParty.leader().hp","Max Value":"$gameParty.leader().mhp","Condition":"true","Layer":"-1","Width":"227","Height":"24","Style":"left","Color 1":"#b167db","Color 1 Alpha":"255","Color 2":"#b167db","Color 2 Alpha":"255","Back Color":"#5b6462","Color 4 Alpha":"255","Outline Size":"0","Outline Color":"#222222","Color 3 Alpha":"255","animateInfo":{"x":{"spd":0,"loop":false,"min":0,"max":0},"y":{"spd":0,"loop":false,"min":0,"max":0},"s":{"spd":0,"loop":false,"min":1,"max":1},"r":{"spd":0,"loop":false,"min":0,"max":0}},"id":12,"x":176,"y":512},{"type":"Text","Value":"Combo: ${$gameVariables.value(7) == 5 ? 'Max' : $gameVariables.value(7)}","Condition":"","Layer":"0","Font":"GameFont","Max Width":"150","Align":"left","Font Size":"30","Text Color":"#ffffff","Text Alpha":"255","Outline Color":"#000000","Outline Alpha":"127","animateInfo":{"x":{"spd":0,"loop":false,"min":0,"max":0},"y":{"spd":0,"loop":false,"min":0,"max":0},"s":{"spd":0,"loop":false,"min":1,"max":1},"r":{"spd":0,"loop":false,"min":0,"max":0}},"id":13,"x":388,"y":545}]