[
null,
{"id":1,"expanded":false,"name":"MAP001","order":1,"parentId":0,"scrollX":1366.8,"scrollY":769.1999999999999},
{"id":2,"expanded":true,"name":"MAP002","order":2,"parentId":0,"scrollX":1668,"scrollY":759.6},
{"id":3,"expanded":true,"name":"MAP003","order":3,"parentId":0,"scrollX":1357.2,"scrollY":769.1999999999999},
{"id":4,"expanded":false,"name":"MAP004","order":4,"parentId":0,"scrollX":1357.2,"scrollY":1150.8},
{"id":5,"expanded":false,"name":"MAP005","order":5,"parentId":0,"scrollX":1081.3333333333333,"scrollY":769.3333333333334}
]