[
null,
{"id":1,"test":true,"animationId":0,"damage":{"critical":true,"elementId":-1,"formula":"$gameSwitches.value(2) === true ? 2 : 1","type":0,"variance":0},"description":"Necronomibox Melee attack.","effects":[],"hitType":1,"iconIndex":76,"message1":"","message2":"","mpCost":0,"name":"BoxCentre","note":"<absSettings>\ncooldown: 30\nthrough 0\n</absSettings>\n<absSequence>\nuser casting true 6\nuser lock\nuser pose atk\nuser forceSkill 2 -50\nuser forceSkill 3\nuser forceSkill 4\nuser forceSkill 5 50\nuser forceSkill 20 -50\nuser forceSkill 21\nuser forceSkill 22 50\nwait 15\nuser casting false\n</absSequence>\n<absOnDamage>\ntarget cancel\ntarget jump away 12\n</absOnDamage>","occasion":1,"repeats":1,"requiredWtypeId1":0,"requiredWtypeId2":0,"scope":2,"speed":0,"stypeId":0,"successRate":100,"tpCost":0,"tpGain":0},
{"id":2,"test":true,"animationId":0,"damage":{"critical":true,"elementId":-1,"formula":"$gameSwitches.value(2) === true ? (v[7] + 1) * 2 : 1","type":1,"variance":0},"description":"Necronomibox Melee attack central hitbox.","effects":[],"hitType":1,"iconIndex":76,"message1":"","message2":"","mpCost":0,"name":"BoxProjectile1","note":"<absSettings>\ncollider: box, 48, 24\nthrough 0\nrotate: true\ninfront: true\ncooldown: 60\n</absSettings>\n<absSequence>\nuser casting true\nuser lock\nuser pose atk\nmove forward 40 0 true\nwait 10\nuser casting false\n</absSequence>\n<absOnDamage>\ntarget cancel\nuser forceSkill 18\ntarget jump away 12\n</absOnDamage>","occasion":1,"repeats":1,"requiredWtypeId1":0,"requiredWtypeId2":0,"scope":2,"speed":0,"stypeId":0,"successRate":100,"tpCost":0,"tpGain":0},
{"id":3,"test":true,"animationId":0,"damage":{"critical":true,"elementId":-1,"formula":"$gameSwitches.value(2) === true ? (v[7] + 1) * 2 : 1","type":1,"variance":0},"description":"Necronomibox Melee attack central hitbox.","effects":[],"hitType":1,"iconIndex":76,"message1":"","message2":"","mpCost":0,"name":"Box Close","note":"<absSettings>\ncollider: box, 48, 36\nthrough 0\nrotate: true\ninfront: true\ncooldown: 60\n</absSettings>\n<absSequence>\nuser casting true\nuser lock\nuser pose atk\nwait 5\nwait 10\nuser casting false\n</absSequence>\n<absOnDamage>\ntarget cancel\nuser forceSkill 18\ntarget jump away 12\n</absOnDamage>","occasion":1,"repeats":1,"requiredWtypeId1":0,"requiredWtypeId2":0,"scope":2,"speed":0,"stypeId":0,"successRate":100,"tpCost":0,"tpGain":0},
{"id":4,"test":true,"animationId":0,"damage":{"critical":true,"elementId":-1,"formula":"$gameSwitches.value(2) === true ? (v[7] + 1) * 2 : 1","type":1,"variance":0},"description":"Necronomibox Melee attack central hitbox.","effects":[],"hitType":1,"iconIndex":76,"message1":"","message2":"","mpCost":0,"name":"BoxProjectile2","note":"<absSettings>\ncollider: box, 48, 24\nthrough 0\nrotate: true\ninfront: true\ncooldown: 60\n</absSettings>\n<absSequence>\nuser casting true\nuser lock\nuser pose atk\nwait 5\nmove forward 40 0 true\nwait 10\nuser casting false\n</absSequence>\n<absOnDamage>\ntarget cancel\nuser forceSkill 18\ntarget jump away 12\n</absOnDamage>","occasion":1,"repeats":1,"requiredWtypeId1":0,"requiredWtypeId2":0,"scope":2,"speed":0,"stypeId":0,"successRate":100,"tpCost":0,"tpGain":0},
{"id":5,"test":true,"animationId":0,"damage":{"critical":true,"elementId":-1,"formula":"$gameSwitches.value(2) === true ? (v[7] + 1) * 2 : 1","type":1,"variance":0},"description":"Necronomibox Melee attack central hitbox.","effects":[],"hitType":1,"iconIndex":76,"message1":"","message2":"","mpCost":0,"name":"BoxProjectile3","note":"<absSettings>\ncollider: box, 48, 24\nthrough 0\nrotate: true\ninfront: true\ncooldown: 60\n</absSettings>\n<absSequence>\nuser casting true\nuser lock\nuser pose atk\nwait 10\nmove forward 40 0 true\nwait 10\nuser casting false\n</absSequence>\n<absOnDamage>\ntarget cancel\nuser forceSkill 18\ntarget jump away 12\n</absOnDamage>","occasion":1,"repeats":1,"requiredWtypeId1":0,"requiredWtypeId2":0,"scope":2,"speed":0,"stypeId":0,"successRate":100,"tpCost":0,"tpGain":0},
{"id":6,"test":true,"animationId":0,"damage":{"critical":true,"elementId":-1,"formula":"2","type":1,"variance":0},"description":"Thug Basic Attack","effects":[],"hitType":1,"iconIndex":76,"message1":"","message2":"","mpCost":0,"name":"Thug Smash","note":"<absSettings>\ncollider: box, 36, 48\nthrough 0\nrotate: true\ninfront: true\ncooldown: 60\n</absSettings>\n<absSequence>\nuser casting true\nuser lock\nuser pose atk\nwait 5\ntrigger\nwait 10\nuser casting false\n</absSequence>\n<absOnDamage>\ntarget jump away 12\n</absOnDamage>","occasion":1,"repeats":1,"requiredWtypeId1":0,"requiredWtypeId2":0,"scope":2,"speed":0,"stypeId":0,"successRate":100,"tpCost":0,"tpGain":0},
{"id":7,"animationId":0,"damage":{"critical":false,"elementId":0,"formula":"1//a.atk","type":0,"variance":20},"description":"Dash away to escape a foe,\nor close the distance for a melee attack..","effects":[{"code":44,"dataId":10,"value1":1,"value2":0}],"hitType":0,"iconIndex":82,"message1":"","message2":"","mpCost":0,"name":"Dash","note":"<towardsMove>\n<absSettings>\ncooldown: 30\n</absSettings>\n<absSequence>\nuser lock\nse roll_sound\ntrigger\nmove forward 200 0 true\nuser speed inc 3\nuser moveHere true\nuser speed dec 3\n</absSequence>","occasion":1,"repeats":1,"requiredWtypeId1":0,"requiredWtypeId2":0,"scope":11,"speed":0,"stypeId":0,"successRate":100,"tpCost":0,"tpGain":0},
{"id":8,"test":true,"animationId":0,"damage":{"critical":true,"elementId":-1,"formula":"$gameSwitches.value(2) === true ? 2 : 1","type":0,"variance":0},"description":"Necronomibox super attack.","effects":[{"code":44,"dataId":4,"value1":1,"value2":0}],"hitType":1,"iconIndex":76,"message1":"","message2":"","mpCost":0,"name":"SuperSoundwave","note":"<absSettings>\ncooldown: 30\nthrough 0\n</absSettings>\n<absSequence>\nuser casting true\nuser lock\nuser pose atk\ntrigger\nuser forceSkill 14\nuser forceSkill 13\nwait 15\nuser casting false\n</absSequence>\n<absOnDamage>\ntarget cancel\ntarget jump away 12\n</absOnDamage>","occasion":1,"repeats":1,"requiredWtypeId1":0,"requiredWtypeId2":0,"scope":2,"speed":0,"stypeId":0,"successRate":100,"tpCost":0,"tpGain":0},
{"id":9,"test":true,"animationId":32,"damage":{"critical":true,"elementId":-1,"formula":"1","type":1,"variance":0},"description":"Launch a powerful soundwave to\nget enemies off you.","effects":[],"hitType":1,"iconIndex":78,"message1":"","message2":"","mpCost":0,"name":"Shockwave","note":"<absSettings>\ncooldown: 180\nrotate: false\ninfront: false\nthrough 0\n</absSettings>\n<absSequence>\nuser casting true\nuser lock\nuser pose atk\nwait 15\nuser forceSkill 10\nuser forceSkill 10 45\nuser forceSkill 10 90\nuser forceSkill 10 135\nuser forceSkill 10 180\nuser forceSkill 10 225\nuser forceSkill 10 270\nuser forceSkill 10 315\ntrigger\nwait 15\nuser casting false\n</absSequence>\n<absOnDamage>\ntarget cancel\ntarget move away 20\n</absOnDamage>","occasion":1,"repeats":1,"requiredWtypeId1":0,"requiredWtypeId2":0,"scope":2,"speed":0,"stypeId":0,"successRate":100,"tpCost":0,"tpGain":0},
{"id":10,"animationId":0,"damage":{"critical":false,"elementId":0,"formula":"$gameSwitches.value(3) === true ? (v[7] + 1) * 2 : (v[7] + 1) * 1","type":1,"variance":20},"description":"","effects":[],"hitType":0,"iconIndex":0,"message1":"","message2":"","mpCost":0,"name":"Wave","note":"<absSettings>\ncollider: box, 200, 10\nthrough 0\nrotate: false\ninfront: false\n</absSettings>\n<absSequence>\nmove forward 400 10 false\nwait 5\n</absSequence>\n<absOnDamage>\ntarget cancel\nuser forceSkill 17\ntarget jump away 5\ntarget jump away 5\ntarget jump away 5\ntarget jump away 5\ntarget jump away 5\n</absOnDamage>","occasion":0,"repeats":1,"requiredWtypeId1":0,"requiredWtypeId2":0,"scope":1,"speed":0,"stypeId":1,"successRate":100,"tpCost":0,"tpGain":0},
{"id":11,"animationId":0,"damage":{"critical":false,"elementId":0,"formula":"$gameSwitches.value(3) === true ? (v[7] + 1) * 2 : 1","type":1,"variance":0},"description":"Medium range projectile\nthat packs a punch.","effects":[],"hitType":0,"iconIndex":104,"message1":"","message2":"","mpCost":0,"name":"Cassette","note":"<absSettings>\ncollider: box, 30, 30\nthrough: 3\ncooldown: 30\nrotate: true\ninfront: true\n</absSettings>\n<absSequence>\nanimation 5\npicture cassette true 6\nmove forward 300 10 false\nwait 5\n</absSequence>\n<absOnDamage>\nanimationTarget 0\ntarget cancel\nuser forceSkill 17\ntarget jump away 30\n</absOnDamage>","occasion":0,"repeats":1,"requiredWtypeId1":0,"requiredWtypeId2":0,"scope":1,"speed":0,"stypeId":0,"successRate":100,"tpCost":0,"tpGain":0},
{"id":12,"animationId":0,"damage":{"critical":false,"elementId":0,"formula":"0","type":0,"variance":20},"description":"","effects":[],"hitType":0,"iconIndex":0,"message1":"","message2":"","mpCost":0,"name":"","note":"","occasion":0,"repeats":1,"requiredWtypeId1":0,"requiredWtypeId2":0,"scope":1,"speed":0,"stypeId":1,"successRate":100,"tpCost":0,"tpGain":0},
{"id":13,"animationId":0,"damage":{"critical":false,"elementId":0,"formula":"$gameSwitches.value(3) === true ? (v[7] + 1) * 2000 : 1000","type":1,"variance":20},"description":"","effects":[{"code":44,"dataId":5,"value1":1,"value2":0}],"hitType":0,"iconIndex":0,"message1":"","message2":"","mpCost":0,"name":"SuperWave","note":"<absSettings>\ncollider: box, 300, 10\nthrough 0\nrotate: false\ninfront: false\n</absSettings>\n<absSequence>\nmove forward 400 10 false\nwait 5\n</absSequence>\n<absOnDamage>\ntarget cancel\nuser forceSkill 17\ntarget jump away 5\ntarget jump away 5\ntarget jump away 5\ntarget jump away 5\ntarget jump away 5\n</absOnDamage>","occasion":0,"repeats":1,"requiredWtypeId1":0,"requiredWtypeId2":0,"scope":1,"speed":0,"stypeId":1,"successRate":100,"tpCost":0,"tpGain":0},
{"id":14,"animationId":0,"damage":{"critical":false,"elementId":0,"formula":"0","type":0,"variance":20},"description":"","effects":[{"code":44,"dataId":6,"value1":1,"value2":0}],"hitType":0,"iconIndex":0,"message1":"","message2":"","mpCost":0,"name":"superCassette","note":"<absSequence>\ntrigger\n</absSequence>","occasion":0,"repeats":1,"requiredWtypeId1":0,"requiredWtypeId2":0,"scope":1,"speed":0,"stypeId":1,"successRate":100,"tpCost":0,"tpGain":0},
{"id":15,"test":true,"animationId":0,"damage":{"critical":true,"elementId":-1,"formula":"$gameSwitches.value(2) === true ? 2 : 1","type":0,"variance":0},"description":"Necronomibox Melee attack.","effects":[],"hitType":1,"iconIndex":76,"message1":"","message2":"","mpCost":0,"name":"BoxCentre","note":"<absSettings>\ncooldown: 30\nthrough 0\n</absSettings>\n<absSequence>\nanimation 4\nuser casting true\nuser lock\nuser pose atk\nuser forceSkill 2 -50\nuser forceSkill 3\nuser forceSkill 4\nuser forceSkill 5 50\nwait 15\nuser casting false\n</absSequence>\n<absOnDamage>\ntarget cancel\ntarget jump away 12\n</absOnDamage>","occasion":1,"repeats":1,"requiredWtypeId1":0,"requiredWtypeId2":0,"scope":2,"speed":0,"stypeId":0,"successRate":100,"tpCost":0,"tpGain":0},
{"id":16,"animationId":0,"damage":{"critical":false,"elementId":0,"formula":"0","type":0,"variance":20},"description":"","effects":[],"hitType":0,"iconIndex":0,"message1":"","message2":"","mpCost":0,"name":"","note":"","occasion":0,"repeats":1,"requiredWtypeId1":0,"requiredWtypeId2":0,"scope":1,"speed":0,"stypeId":1,"successRate":100,"tpCost":0,"tpGain":0},
{"id":17,"animationId":0,"damage":{"critical":false,"elementId":0,"formula":"0","type":0,"variance":20},"description":"","effects":[{"code":44,"dataId":9,"value1":1,"value2":0}],"hitType":0,"iconIndex":0,"message1":"","message2":"","mpCost":0,"name":"Ranged Combo","note":"<absSequence>\ntrigger\n</absSequence>","occasion":0,"repeats":1,"requiredWtypeId1":0,"requiredWtypeId2":0,"scope":1,"speed":0,"stypeId":1,"successRate":100,"tpCost":0,"tpGain":0},
{"id":18,"animationId":0,"damage":{"critical":false,"elementId":0,"formula":"0","type":0,"variance":20},"description":"","effects":[{"code":44,"dataId":8,"value1":1,"value2":0}],"hitType":0,"iconIndex":0,"message1":"","message2":"","mpCost":0,"name":"Melee Combo","note":"<absSequence>\ntrigger\n</absSequence>","occasion":0,"repeats":1,"requiredWtypeId1":0,"requiredWtypeId2":0,"scope":1,"speed":0,"stypeId":1,"successRate":100,"tpCost":0,"tpGain":0},
{"id":19,"animationId":-1,"damage":{"critical":true,"elementId":-1,"formula":"a.atk","type":1,"variance":0},"description":"Shoots an arrow that pierces through enemies.","effects":[],"hitType":1,"iconIndex":74,"message1":" attacks!","message2":"","mpCost":0,"name":"Arrow","note":"<absSettings>\ncollider: box, 12, 36\nthrough: 3\n</absSettings>\n<absSequence>\nadjustAim\npicture arrow true 4\nmove forward 480 20\n</absSequence>","occasion":1,"repeats":1,"requiredWtypeId1":0,"requiredWtypeId2":0,"scope":1,"speed":0,"stypeId":0,"successRate":100,"tpCost":0,"tpGain":10},
{"id":20,"test":true,"animationId":0,"damage":{"critical":true,"elementId":-1,"formula":"$gameSwitches.value(2) === true ? (v[7] + 1) * 2 : 1","type":1,"variance":0},"description":"Necronomibox Melee attack central hitbox.","effects":[],"hitType":1,"iconIndex":76,"message1":"","message2":"","mpCost":0,"name":"BoxProjectile1Image","note":"<absSettings>\ncollider: box, 48, 24\nthrough 0\nrotate: true\ninfront: true\ncooldown: 60\n</absSettings>\n<absSequence>\nuser casting true\nuser lock\nuser pose atk\nmove forward 40 0 true\npicture boombox true 6\nse meleeHit\ntrigger\nwait 10\nuser casting false\n</absSequence>","occasion":1,"repeats":1,"requiredWtypeId1":0,"requiredWtypeId2":0,"scope":2,"speed":0,"stypeId":0,"successRate":100,"tpCost":0,"tpGain":0},
{"id":21,"test":true,"animationId":0,"damage":{"critical":true,"elementId":-1,"formula":"$gameSwitches.value(2) === true ? (v[7] + 1) * 2 : 1","type":1,"variance":0},"description":"Necronomibox Melee attack central hitbox.","effects":[],"hitType":1,"iconIndex":76,"message1":"","message2":"","mpCost":0,"name":"BoxProjectile2Image","note":"<absSettings>\ncollider: box, 48, 24\nthrough 0\nrotate: true\ninfront: true\ncooldown: 60\n</absSettings>\n<absSequence>\nuser casting true\nuser lock\nuser pose atk\nwait 5\nmove forward 40 0 true\npicture boombox true 6\ntrigger\nwait 10\nuser casting false\n</absSequence>","occasion":1,"repeats":1,"requiredWtypeId1":0,"requiredWtypeId2":0,"scope":2,"speed":0,"stypeId":0,"successRate":100,"tpCost":0,"tpGain":0},
{"id":22,"test":true,"animationId":0,"damage":{"critical":true,"elementId":-1,"formula":"$gameSwitches.value(2) === true ? (v[7] + 1) * 2 : 1","type":1,"variance":0},"description":"Necronomibox Melee attack central hitbox.","effects":[],"hitType":1,"iconIndex":76,"message1":"","message2":"","mpCost":0,"name":"BoxProjectile3Image","note":"<absSettings>\ncollider: box, 48, 24\nthrough 0\nrotate: true\ninfront: true\ncooldown: 60\n</absSettings>\n<absSequence>\nuser casting true\nuser lock\nuser pose atk\nwait 10\nmove forward 40 0 true\npicture boombox true 6\ntrigger\nwait 10\nuser casting false\n</absSequence>","occasion":1,"repeats":1,"requiredWtypeId1":0,"requiredWtypeId2":0,"scope":2,"speed":0,"stypeId":0,"successRate":100,"tpCost":0,"tpGain":0},
{"id":23,"animationId":0,"damage":{"critical":false,"elementId":0,"formula":"0","type":0,"variance":20},"description":"","effects":[],"hitType":0,"iconIndex":0,"message1":"","message2":"","mpCost":0,"name":"","note":"","occasion":0,"repeats":1,"requiredWtypeId1":0,"requiredWtypeId2":0,"scope":1,"speed":0,"stypeId":1,"successRate":100,"tpCost":0,"tpGain":0},
{"id":24,"animationId":0,"damage":{"critical":false,"elementId":0,"formula":"0","type":0,"variance":20},"description":"","effects":[],"hitType":0,"iconIndex":0,"message1":"","message2":"","mpCost":0,"name":"","note":"","occasion":0,"repeats":1,"requiredWtypeId1":0,"requiredWtypeId2":0,"scope":1,"speed":0,"stypeId":1,"successRate":100,"tpCost":0,"tpGain":0},
{"id":25,"animationId":0,"damage":{"critical":false,"elementId":0,"formula":"0","type":0,"variance":20},"description":"","effects":[{"code":44,"dataId":12,"value1":1,"value2":0}],"hitType":0,"iconIndex":0,"message1":"","message2":"","mpCost":0,"name":"Ending1","note":"<absSettings>\ncooldown: 30\nthrough 0\n</absSettings>\n<absSequence>\nuser casting true\nuser lock\nuser pose atk\nuser setDirection 2\ntrigger\nuser forceSkill 26\nuser forceSkill 27\nwait 15\nuser casting false\n</absSequence>","occasion":0,"repeats":1,"requiredWtypeId1":0,"requiredWtypeId2":0,"scope":1,"speed":0,"stypeId":1,"successRate":100,"tpCost":0,"tpGain":0},
{"id":26,"animationId":0,"damage":{"critical":false,"elementId":0,"formula":"0","type":0,"variance":20},"description":"","effects":[{"code":44,"dataId":13,"value1":1,"value2":0}],"hitType":0,"iconIndex":0,"message1":"","message2":"","mpCost":0,"name":"Ending2","note":"<absSettings>\ncollider: box, 300, 10\nthrough 0\nrotate: false\ninfront: false\n</absSettings>\n<absSequence>\ntrigger\nwait 5\n</absSequence>","occasion":0,"repeats":1,"requiredWtypeId1":0,"requiredWtypeId2":0,"scope":1,"speed":0,"stypeId":1,"successRate":100,"tpCost":0,"tpGain":0},
{"id":27,"animationId":0,"damage":{"critical":false,"elementId":0,"formula":"0","type":0,"variance":20},"description":"","effects":[{"code":44,"dataId":14,"value1":1,"value2":0}],"hitType":0,"iconIndex":0,"message1":"","message2":"","mpCost":0,"name":"Ending3","note":"<absSettings>\ncollider: box, 300, 10\nthrough 0\nrotate: false\ninfront: false\n</absSettings>\n<absSequence>\ntrigger\nwait 5\n</absSequence>","occasion":0,"repeats":1,"requiredWtypeId1":0,"requiredWtypeId2":0,"scope":1,"speed":0,"stypeId":1,"successRate":100,"tpCost":0,"tpGain":0}
]