[
null,
{"id":1,"list":[{"code":112,"indent":0,"parameters":[]},{"code":241,"indent":1,"parameters":[{"name":"park_theme","volume":90,"pitch":100,"pan":0}]},{"code":112,"indent":1,"parameters":[]},{"code":230,"indent":2,"parameters":[43]},{"code":203,"indent":2,"parameters":[0,0,2,0,0]},{"code":230,"indent":2,"parameters":[12]},{"code":203,"indent":2,"parameters":[0,0,1,0,0]},{"code":111,"indent":2,"parameters":[0,7,0]},{"code":122,"indent":3,"parameters":[7,7,0,0,0]},{"code":0,"indent":3,"parameters":[]},{"code":411,"indent":2,"parameters":[]},{"code":111,"indent":3,"parameters":[0,8,0]},{"code":111,"indent":4,"parameters":[1,7,0,5,4]},{"code":122,"indent":5,"parameters":[7,7,1,0,1]},{"code":0,"indent":5,"parameters":[]},{"code":412,"indent":4,"parameters":[]},{"code":0,"indent":4,"parameters":[]},{"code":412,"indent":3,"parameters":[]},{"code":0,"indent":3,"parameters":[]},{"code":412,"indent":2,"parameters":[]},{"code":121,"indent":2,"parameters":[8,8,1]},{"code":121,"indent":2,"parameters":[7,7,0]},{"code":230,"indent":2,"parameters":[5]},{"code":0,"indent":2,"parameters":[]},{"code":413,"indent":1,"parameters":[]},{"code":0,"indent":1,"parameters":[]},{"code":413,"indent":0,"parameters":[]},{"code":0,"indent":0,"parameters":[]}],"name":"OLD RHYTHM TIMER","switchId":5,"trigger":0},
{"id":2,"list":[{"code":112,"indent":0,"parameters":[]},{"code":230,"indent":1,"parameters":[1]},{"code":111,"indent":1,"parameters":[1,5,0,10,3]},{"code":121,"indent":2,"parameters":[3,3,1]},{"code":0,"indent":2,"parameters":[]},{"code":411,"indent":1,"parameters":[]},{"code":121,"indent":2,"parameters":[3,3,0]},{"code":0,"indent":2,"parameters":[]},{"code":412,"indent":1,"parameters":[]},{"code":111,"indent":1,"parameters":[1,5,0,45,3]},{"code":121,"indent":2,"parameters":[3,3,0]},{"code":0,"indent":2,"parameters":[]},{"code":412,"indent":1,"parameters":[]},{"code":0,"indent":1,"parameters":[]},{"code":413,"indent":0,"parameters":[]},{"code":0,"indent":0,"parameters":[]}],"name":"Rhythm Timer Ranged UNUSED","switchId":20,"trigger":2},
{"id":3,"list":[{"code":112,"indent":0,"parameters":[]},{"code":230,"indent":1,"parameters":[1]},{"code":111,"indent":1,"parameters":[1,5,0,9,1]},{"code":111,"indent":2,"parameters":[1,5,0,14,2]},{"code":121,"indent":3,"parameters":[4,4,0]},{"code":0,"indent":3,"parameters":[]},{"code":412,"indent":2,"parameters":[]},{"code":0,"indent":2,"parameters":[]},{"code":412,"indent":1,"parameters":[]},{"code":111,"indent":1,"parameters":[1,5,0,14,3]},{"code":121,"indent":2,"parameters":[4,4,1]},{"code":0,"indent":2,"parameters":[]},{"code":412,"indent":1,"parameters":[]},{"code":111,"indent":1,"parameters":[1,5,0,9,4]},{"code":121,"indent":2,"parameters":[4,4,1]},{"code":0,"indent":2,"parameters":[]},{"code":412,"indent":1,"parameters":[]},{"code":0,"indent":1,"parameters":[]},{"code":413,"indent":0,"parameters":[]},{"code":0,"indent":0,"parameters":[]}],"name":"Rhythm Timer Box HUD","switchId":20,"trigger":2},
{"id":4,"list":[{"code":122,"indent":0,"parameters":[11,11,0,3,5,-1,1]},{"code":122,"indent":0,"parameters":[10,10,0,3,5,-1,0]},{"code":355,"indent":0,"parameters":["$gameVariables.setValue(12, parseInt(Math.atan2($gameVariables.value(8) - $gameVariables.value(10), $gameVariables.value(9) - $gameVariables.value(11)) * 180 / Math.PI));"]},{"code":355,"indent":0,"parameters":["SetAnimationMove(33, {"]},{"code":655,"indent":0,"parameters":["rotation: [-$gameVariables.value(12), -$gameVariables.value(12)]"]},{"code":655,"indent":0,"parameters":["});"]},{"code":212,"indent":0,"parameters":[-1,33,false]},{"code":0,"indent":0,"parameters":[]}],"name":"SuperWave","switchId":1,"trigger":0},
{"id":5,"list":[{"code":122,"indent":0,"parameters":[11,11,0,3,5,-1,1]},{"code":122,"indent":0,"parameters":[10,10,0,3,5,-1,0]},{"code":355,"indent":0,"parameters":["$gameVariables.setValue(12, parseInt(Math.atan2($gameVariables.value(8) - $gameVariables.value(10), $gameVariables.value(9) - $gameVariables.value(11)) * 180 / Math.PI));"]},{"code":355,"indent":0,"parameters":["SetAnimationMove(34, {"]},{"code":655,"indent":0,"parameters":["rotation: [-$gameVariables.value(12), -$gameVariables.value(12)]"]},{"code":655,"indent":0,"parameters":["});"]},{"code":212,"indent":0,"parameters":[-1,34,false]},{"code":0,"indent":0,"parameters":[]}],"name":"InnerSuperWave","switchId":1,"trigger":0},
{"id":6,"list":[{"code":122,"indent":0,"parameters":[11,11,0,3,5,-1,1]},{"code":122,"indent":0,"parameters":[10,10,0,3,5,-1,0]},{"code":355,"indent":0,"parameters":["$gameVariables.setValue(12, parseInt(Math.atan2($gameVariables.value(8) - $gameVariables.value(10), $gameVariables.value(9) - $gameVariables.value(11)) * 180 / Math.PI));"]},{"code":355,"indent":0,"parameters":["SetAnimationMove(35, {"]},{"code":655,"indent":0,"parameters":["rotation: [-$gameVariables.value(12), -$gameVariables.value(12)]"]},{"code":655,"indent":0,"parameters":["});"]},{"code":212,"indent":0,"parameters":[-1,35,false]},{"code":112,"indent":0,"parameters":[]},{"code":111,"indent":1,"parameters":[7,1,2]},{"code":113,"indent":2,"parameters":[]},{"code":0,"indent":2,"parameters":[]},{"code":412,"indent":1,"parameters":[]},{"code":125,"indent":1,"parameters":[1,0,1]},{"code":0,"indent":1,"parameters":[]},{"code":413,"indent":0,"parameters":[]},{"code":318,"indent":0,"parameters":[0,1,1,8]},{"code":0,"indent":0,"parameters":[]}],"name":"SuperCassette","switchId":1,"trigger":0},
{"id":7,"list":[{"code":112,"indent":0,"parameters":[]},{"code":230,"indent":1,"parameters":[10]},{"code":111,"indent":1,"parameters":[7,10,0]},{"code":318,"indent":2,"parameters":[0,0,0,8]},{"code":0,"indent":2,"parameters":[]},{"code":412,"indent":1,"parameters":[]},{"code":111,"indent":1,"parameters":[7,11,0]},{"code":125,"indent":2,"parameters":[1,0,1]},{"code":0,"indent":2,"parameters":[]},{"code":412,"indent":1,"parameters":[]},{"code":111,"indent":1,"parameters":[8,1]},{"code":311,"indent":2,"parameters":[0,1,0,0,10,false]},{"code":126,"indent":2,"parameters":[1,1,0,1]},{"code":0,"indent":2,"parameters":[]},{"code":412,"indent":1,"parameters":[]},{"code":0,"indent":1,"parameters":[]},{"code":413,"indent":0,"parameters":[]},{"code":0,"indent":0,"parameters":[]}],"name":"Main Loop","switchId":20,"trigger":2},
{"id":8,"list":[{"code":111,"indent":0,"parameters":[0,7,0]},{"code":111,"indent":1,"parameters":[0,2,0]},{"code":121,"indent":2,"parameters":[7,7,1]},{"code":121,"indent":2,"parameters":[8,8,0]},{"code":250,"indent":2,"parameters":[{"name":"goodhit","volume":90,"pitch":100,"pan":0}]},{"code":0,"indent":2,"parameters":[]},{"code":411,"indent":1,"parameters":[]},{"code":121,"indent":2,"parameters":[7,7,0]},{"code":121,"indent":2,"parameters":[8,8,0]},{"code":250,"indent":2,"parameters":[{"name":"badhit","volume":90,"pitch":100,"pan":0}]},{"code":0,"indent":2,"parameters":[]},{"code":412,"indent":1,"parameters":[]},{"code":0,"indent":1,"parameters":[]},{"code":412,"indent":0,"parameters":[]},{"code":0,"indent":0,"parameters":[]}],"name":"Continue Combo Melee","switchId":1,"trigger":0},
{"id":9,"list":[{"code":111,"indent":0,"parameters":[0,2,0]},{"code":121,"indent":1,"parameters":[8,8,0]},{"code":250,"indent":1,"parameters":[{"name":"betagungood","volume":100,"pitch":120,"pan":0}]},{"code":121,"indent":1,"parameters":[10,10,0]},{"code":0,"indent":1,"parameters":[]},{"code":411,"indent":0,"parameters":[]},{"code":121,"indent":1,"parameters":[8,8,0]},{"code":250,"indent":1,"parameters":[{"name":"betagunbad","volume":70,"pitch":100,"pan":0}]},{"code":121,"indent":1,"parameters":[10,10,1]},{"code":0,"indent":1,"parameters":[]},{"code":412,"indent":0,"parameters":[]},{"code":0,"indent":0,"parameters":[]}],"name":"Continue Combo Ranged","switchId":1,"trigger":0},
{"id":10,"list":[{"code":111,"indent":0,"parameters":[0,10,0]},{"code":121,"indent":1,"parameters":[7,7,1]},{"code":0,"indent":1,"parameters":[]},{"code":412,"indent":0,"parameters":[]},{"code":0,"indent":0,"parameters":[]}],"name":"confirm cassette hit","switchId":1,"trigger":0},
{"id":11,"list":[{"code":122,"indent":0,"parameters":[11,11,0,3,5,-1,1]},{"code":122,"indent":0,"parameters":[10,10,0,3,5,-1,0]},{"code":355,"indent":0,"parameters":["$gameVariables.setValue(12, parseInt(Math.atan2($gameVariables.value(8) - $gameVariables.value(10), $gameVariables.value(9) - $gameVariables.value(11)) * 180 / Math.PI));"]},{"code":355,"indent":0,"parameters":["SetAnimationMove(6, {"]},{"code":655,"indent":0,"parameters":["rotation: [-$gameVariables.value(12), -$gameVariables.value(12)]"]},{"code":655,"indent":0,"parameters":["});"]},{"code":212,"indent":0,"parameters":[-1,6,false]},{"code":0,"indent":0,"parameters":[]}],"name":"BoxMelee","switchId":20,"trigger":0},
{"id":12,"list":[{"code":212,"indent":0,"parameters":[-1,33,false]},{"code":0,"indent":0,"parameters":[]}],"name":"EndBlast1","switchId":1,"trigger":0},
{"id":13,"list":[{"code":212,"indent":0,"parameters":[-1,34,false]},{"code":0,"indent":0,"parameters":[]}],"name":"EndBlast2","switchId":1,"trigger":0},
{"id":14,"list":[{"code":212,"indent":0,"parameters":[-1,35,false]},{"code":0,"indent":0,"parameters":[]}],"name":"EndBlast3","switchId":1,"trigger":0},
{"id":15,"list":[{"code":241,"indent":0,"parameters":[{"name":"park_theme","volume":90,"pitch":100,"pan":0}]},{"code":112,"indent":0,"parameters":[]},{"code":230,"indent":1,"parameters":[1]},{"code":122,"indent":1,"parameters":[5,5,0,4,"(AudioManager.getBgmSeek()%1*100)%50"]},{"code":0,"indent":1,"parameters":[]},{"code":413,"indent":0,"parameters":[]},{"code":0,"indent":0,"parameters":[]}],"name":"BGM Timing Handler PARK","switchId":5,"trigger":0},
{"id":16,"list":[{"code":112,"indent":0,"parameters":[]},{"code":230,"indent":1,"parameters":[1]},{"code":111,"indent":1,"parameters":[1,5,0,10,3]},{"code":111,"indent":2,"parameters":[1,5,0,13,2]},{"code":111,"indent":3,"parameters":[0,8,0]},{"code":111,"indent":4,"parameters":[0,7,0]},{"code":122,"indent":5,"parameters":[7,7,0,0,0]},{"code":0,"indent":5,"parameters":[]},{"code":411,"indent":4,"parameters":[]},{"code":111,"indent":5,"parameters":[0,7,1]},{"code":111,"indent":6,"parameters":[1,7,0,5,4]},{"code":122,"indent":7,"parameters":[7,7,1,0,1]},{"code":0,"indent":7,"parameters":[]},{"code":412,"indent":6,"parameters":[]},{"code":0,"indent":6,"parameters":[]},{"code":412,"indent":5,"parameters":[]},{"code":0,"indent":5,"parameters":[]},{"code":412,"indent":4,"parameters":[]},{"code":121,"indent":4,"parameters":[8,8,1]},{"code":121,"indent":4,"parameters":[7,7,0]},{"code":0,"indent":4,"parameters":[]},{"code":412,"indent":3,"parameters":[]},{"code":0,"indent":3,"parameters":[]},{"code":412,"indent":2,"parameters":[]},{"code":0,"indent":2,"parameters":[]},{"code":412,"indent":1,"parameters":[]},{"code":111,"indent":1,"parameters":[1,5,0,10,3]},{"code":121,"indent":2,"parameters":[2,2,1]},{"code":0,"indent":2,"parameters":[]},{"code":411,"indent":1,"parameters":[]},{"code":121,"indent":2,"parameters":[2,2,0]},{"code":0,"indent":2,"parameters":[]},{"code":412,"indent":1,"parameters":[]},{"code":111,"indent":1,"parameters":[1,5,0,40,3]},{"code":121,"indent":2,"parameters":[2,2,0]},{"code":0,"indent":2,"parameters":[]},{"code":412,"indent":1,"parameters":[]},{"code":0,"indent":1,"parameters":[]},{"code":413,"indent":0,"parameters":[]},{"code":0,"indent":0,"parameters":[]}],"name":"Rhythm Timer Melee","switchId":20,"trigger":2},
{"id":17,"list":[{"code":0,"indent":0,"parameters":[]}],"name":"","switchId":1,"trigger":0},
{"id":18,"list":[{"code":230,"indent":0,"parameters":[10]},{"code":121,"indent":0,"parameters":[8,8,0]},{"code":0,"indent":0,"parameters":[]}],"name":"End Combo","switchId":1,"trigger":0},
{"id":19,"list":[{"code":121,"indent":0,"parameters":[8,8,0]},{"code":111,"indent":0,"parameters":[12,"!$gameSwitches.value(19) & ($gameVariables.value(5) >= 40 | $gameVariables.value(5) < 10)"]},{"code":121,"indent":1,"parameters":[19,19,0]},{"code":122,"indent":1,"parameters":[19,19,0,0,10]},{"code":0,"indent":1,"parameters":[]},{"code":411,"indent":0,"parameters":[]},{"code":111,"indent":1,"parameters":[12,"!$gameSwitches.value(19) & ($gameVariables.value(5) >= 10 & $gameVariables.value(5) <= 25)"]},{"code":121,"indent":2,"parameters":[19,19,0]},{"code":122,"indent":2,"parameters":[17,17,0,0,10]},{"code":0,"indent":2,"parameters":[]},{"code":411,"indent":1,"parameters":[]},{"code":111,"indent":2,"parameters":[12,"!$gameSwitches.value(19) & ($gameVariables.value(5) > 25 & $gameVariables.value(5) < 40)"]},{"code":121,"indent":3,"parameters":[19,19,0]},{"code":122,"indent":3,"parameters":[18,18,0,0,10]},{"code":0,"indent":3,"parameters":[]},{"code":412,"indent":2,"parameters":[]},{"code":0,"indent":2,"parameters":[]},{"code":412,"indent":1,"parameters":[]},{"code":0,"indent":1,"parameters":[]},{"code":412,"indent":0,"parameters":[]},{"code":0,"indent":0,"parameters":[]}],"name":"Miss","switchId":1,"trigger":0},
{"id":20,"list":[{"code":241,"indent":0,"parameters":[{"name":"fairy-world-bgm","volume":50,"pitch":100,"pan":0}]},{"code":112,"indent":0,"parameters":[]},{"code":230,"indent":1,"parameters":[1]},{"code":122,"indent":1,"parameters":[5,5,0,4,"(AudioManager.getBgmSeek()%(3/7))*50*(7/3)"]},{"code":0,"indent":1,"parameters":[]},{"code":413,"indent":0,"parameters":[]},{"code":0,"indent":0,"parameters":[]}],"name":"BGM Timing Handler Fairy","switchId":5,"trigger":2},
{"id":21,"list":[{"code":111,"indent":0,"parameters":[1,20,0,0,3]},{"code":122,"indent":1,"parameters":[20,20,2,0,1]},{"code":230,"indent":1,"parameters":[1]},{"code":0,"indent":1,"parameters":[]},{"code":412,"indent":0,"parameters":[]},{"code":0,"indent":0,"parameters":[]}],"name":"Flash Countdown","switchId":20,"trigger":2},
{"id":22,"list":[{"code":241,"indent":0,"parameters":[{"name":"theres_a_tiny_rave_inside_outer_space","volume":100,"pitch":100,"pan":0}]},{"code":112,"indent":0,"parameters":[]},{"code":230,"indent":1,"parameters":[1]},{"code":122,"indent":1,"parameters":[5,5,0,4,"(AudioManager.getBgmSeek()%(3/7))*50*(7/3)"]},{"code":0,"indent":1,"parameters":[]},{"code":413,"indent":0,"parameters":[]},{"code":0,"indent":0,"parameters":[]}],"name":"BGM Timing Handler Crystal","switchId":11,"trigger":2},
{"id":23,"list":[{"code":241,"indent":0,"parameters":[{"name":"lava_zone","volume":100,"pitch":100,"pan":0}]},{"code":112,"indent":0,"parameters":[]},{"code":230,"indent":1,"parameters":[1]},{"code":122,"indent":1,"parameters":[5,5,0,4,"(AudioManager.getBgmSeek()%(3/7))*50*(7/3)"]},{"code":0,"indent":1,"parameters":[]},{"code":413,"indent":0,"parameters":[]},{"code":0,"indent":0,"parameters":[]}],"name":"BGM Timing Handler Crystal","switchId":12,"trigger":2},
{"id":24,"list":[{"code":0,"indent":0,"parameters":[]}],"name":"","switchId":1,"trigger":0},
{"id":25,"list":[{"code":112,"indent":0,"parameters":[]},{"code":230,"indent":1,"parameters":[10]},{"code":111,"indent":1,"parameters":[8,5]},{"code":121,"indent":2,"parameters":[15,15,0]},{"code":0,"indent":2,"parameters":[]},{"code":412,"indent":1,"parameters":[]},{"code":111,"indent":1,"parameters":[8,6]},{"code":121,"indent":2,"parameters":[16,16,0]},{"code":0,"indent":2,"parameters":[]},{"code":412,"indent":1,"parameters":[]},{"code":111,"indent":1,"parameters":[8,7]},{"code":121,"indent":2,"parameters":[17,17,0]},{"code":0,"indent":2,"parameters":[]},{"code":412,"indent":1,"parameters":[]},{"code":0,"indent":1,"parameters":[]},{"code":413,"indent":0,"parameters":[]},{"code":0,"indent":0,"parameters":[]}],"name":"Boss Killed Check","switchId":20,"trigger":2},
{"id":26,"list":[{"code":212,"indent":0,"parameters":[-1,16,false]},{"code":0,"indent":0,"parameters":[]}],"name":"DragonClaw","switchId":1,"trigger":0},
{"id":27,"list":[{"code":0,"indent":0,"parameters":[]}],"name":"","switchId":1,"trigger":0},
{"id":28,"list":[{"code":111,"indent":0,"parameters":[1,19,0,0,3]},{"code":122,"indent":1,"parameters":[19,19,2,0,1]},{"code":111,"indent":1,"parameters":[1,19,0,0,2]},{"code":121,"indent":2,"parameters":[19,19,1]},{"code":0,"indent":2,"parameters":[]},{"code":412,"indent":1,"parameters":[]},{"code":230,"indent":1,"parameters":[1]},{"code":0,"indent":1,"parameters":[]},{"code":412,"indent":0,"parameters":[]},{"code":0,"indent":0,"parameters":[]}],"name":"On Beat! Countdown","switchId":20,"trigger":2},
{"id":29,"list":[{"code":111,"indent":0,"parameters":[1,17,0,0,3]},{"code":122,"indent":1,"parameters":[17,17,2,0,1]},{"code":111,"indent":1,"parameters":[1,17,0,0,2]},{"code":121,"indent":2,"parameters":[19,19,1]},{"code":0,"indent":2,"parameters":[]},{"code":412,"indent":1,"parameters":[]},{"code":230,"indent":1,"parameters":[1]},{"code":0,"indent":1,"parameters":[]},{"code":412,"indent":0,"parameters":[]},{"code":0,"indent":0,"parameters":[]}],"name":"Early Countdown","switchId":20,"trigger":2},
{"id":30,"list":[{"code":111,"indent":0,"parameters":[1,18,0,0,3]},{"code":122,"indent":1,"parameters":[18,18,2,0,1]},{"code":111,"indent":1,"parameters":[1,18,0,0,2]},{"code":121,"indent":2,"parameters":[19,19,1]},{"code":0,"indent":2,"parameters":[]},{"code":412,"indent":1,"parameters":[]},{"code":230,"indent":1,"parameters":[1]},{"code":0,"indent":1,"parameters":[]},{"code":412,"indent":0,"parameters":[]},{"code":0,"indent":0,"parameters":[]}],"name":"Late Countdown","switchId":20,"trigger":2}
]