[
null,
{"id":1,"actions":[],"battlerHue":0,"battlerName":"","dropItems":[{"dataId":1,"denominator":1,"kind":0},{"dataId":1,"denominator":1,"kind":0},{"dataId":1,"denominator":1,"kind":0}],"exp":0,"traits":[{"code":22,"dataId":1,"value":1}],"gold":0,"name":"Dummy","note":"Note that we set the evasion rate to 100%\nThis is because in the plugin parameters\nwe're using evasion rate for the move\nresist state. We don't want this enemy\nto be able to be moved\n\n<AIType:none>\n<respawn:60>","params":[2000,0,1,1,1,1,1,1]},
{"id":2,"actions":[{"conditionParam1":0,"conditionParam2":0,"conditionType":0,"rating":5,"skillId":2}],"battlerHue":0,"battlerName":"Bat","dropItems":[{"kind":0,"dataId":0,"denominator":1},{"dataId":1,"denominator":1,"kind":0},{"dataId":1,"denominator":1,"kind":0}],"exp":0,"traits":[{"code":31,"dataId":1,"value":0}],"gold":0,"name":"Bat","note":"<respawn:240>","params":[100,0,10,10,10,10,10,10]},
{"id":3,"actions":[],"battlerHue":0,"battlerName":"","dropItems":[{"dataId":1,"denominator":1,"kind":0},{"dataId":1,"denominator":1,"kind":0},{"dataId":1,"denominator":1,"kind":0}],"exp":0,"traits":[],"gold":0,"name":"Chicken","note":"<AIType:none>\n<noPopup>\n<noHpBar>\n<respawn:120>\n<onDeath>\n$gameVariables.setValue(1, $gameVariables.value(1) + 1);\n</onDeath>","params":[1,0,10,10,10,10,10,10]},
{"id":4,"actions":[{"conditionParam1":0,"conditionParam2":0,"conditionType":0,"rating":5,"skillId":2}],"battlerHue":0,"battlerName":"","dropItems":[{"kind":0,"dataId":0,"denominator":1},{"dataId":1,"denominator":1,"kind":0},{"dataId":1,"denominator":1,"kind":0}],"exp":0,"traits":[{"code":22,"dataId":1,"value":1}],"gold":0,"name":"Campfire","note":"Note that we set the evasion rate to 100%\nThis is because in the plugin parameters\nwe're using evasion rate for the move\nresist state. We don't want this enemy\nto be able to be moved\n\n<AIType:none>\n<noPopup>\n<noHpBar>\n\nWe're going to give this enemy some custom\nAI with eventing. So first we'll add an\nondeath tag to turn on a self switch\nthen the dontErase tag so the event can\nkeep running even if it's dead. The rest\nof the AI is inside the events page.\n\n<onDeath>\nthis.setSelfSwitch('A', true);\n</onDeath>\n<dontErase>","params":[1,100,10,10,10,10,10,10]},
{"id":5,"actions":[{"conditionParam1":0,"conditionParam2":0,"conditionType":0,"rating":5,"skillId":6}],"battlerHue":0,"battlerName":"","dropItems":[{"kind":1,"dataId":1,"denominator":3},{"dataId":1,"denominator":1,"kind":0},{"dataId":1,"denominator":1,"kind":0}],"exp":0,"traits":[{"code":22,"dataId":0,"value":0.95},{"code":22,"dataId":1,"value":0.05},{"code":31,"dataId":1,"value":0}],"gold":0,"name":"Thug","note":"","params":[3000,0,10,10,10,10,10,10]},
{"id":6,"actions":[{"conditionParam1":0,"conditionParam2":0,"conditionType":0,"rating":5,"skillId":6}],"battlerHue":0,"battlerName":"","dropItems":[{"kind":1,"dataId":1,"denominator":3},{"dataId":1,"denominator":1,"kind":0},{"dataId":1,"denominator":1,"kind":0}],"exp":0,"traits":[{"code":22,"dataId":0,"value":0.95},{"code":22,"dataId":1,"value":0.05},{"code":31,"dataId":1,"value":0}],"gold":0,"name":"Fairy","note":"","params":[100,0,10,10,10,10,10,10]},
{"id":7,"actions":[{"conditionParam1":0,"conditionParam2":0,"conditionType":0,"rating":5,"skillId":29}],"battlerHue":0,"battlerName":"","dropItems":[{"kind":1,"dataId":1,"denominator":2},{"dataId":1,"denominator":1,"kind":0},{"dataId":1,"denominator":1,"kind":0}],"exp":0,"traits":[{"code":22,"dataId":0,"value":0.95},{"code":22,"dataId":1,"value":0.05},{"code":31,"dataId":1,"value":0}],"gold":0,"name":"Crystal","note":"<range:300>\n","params":[100,0,10,10,10,10,10,10]},
{"id":8,"actions":[{"conditionParam1":0,"conditionParam2":0,"conditionType":0,"rating":1,"skillId":31}],"battlerHue":0,"battlerName":"","dropItems":[{"dataId":1,"denominator":1,"kind":0},{"dataId":1,"denominator":1,"kind":0},{"dataId":1,"denominator":1,"kind":0}],"exp":0,"traits":[{"code":22,"dataId":0,"value":0.95},{"code":22,"dataId":1,"value":0.05},{"code":31,"dataId":1,"value":0}],"gold":0,"name":"Lizard","note":"<dontErase>\n<onDeath>\n$gameSelfSwitches.setValue([this._mapId, this._eventId, 'D'], true);\n</onDeath>","params":[100,0,10,10,10,10,10,10]},
{"id":9,"actions":[{"conditionParam1":0,"conditionParam2":0,"conditionType":0,"rating":1,"skillId":16}],"battlerHue":0,"battlerName":"","dropItems":[{"kind":1,"dataId":1,"denominator":2},{"kind":1,"dataId":1,"denominator":2},{"kind":0,"dataId":0,"denominator":3}],"exp":0,"traits":[{"code":22,"dataId":0,"value":0.95},{"code":22,"dataId":1,"value":0.05},{"code":31,"dataId":1,"value":0}],"gold":0,"name":"Dwarf","note":"<dontErase>\n<onDeath>\n$gameSelfSwitches.setValue([this._mapId, this._eventId, 'D'], true);\n</onDeath>\n<respawn:300>","params":[100,0,10,10,10,10,10,10]},
{"id":10,"actions":[{"conditionParam1":0,"conditionParam2":0,"conditionType":0,"rating":5,"skillId":1}],"battlerHue":0,"battlerName":"","dropItems":[{"dataId":1,"denominator":1,"kind":0},{"dataId":1,"denominator":1,"kind":0},{"dataId":1,"denominator":1,"kind":0}],"exp":0,"traits":[{"code":22,"dataId":0,"value":0.95},{"code":22,"dataId":1,"value":0.05},{"code":31,"dataId":1,"value":0}],"gold":0,"name":"","note":"","params":[100,0,10,10,10,10,10,10]},
{"id":11,"actions":[{"conditionParam1":0,"conditionParam2":0,"conditionType":0,"rating":5,"skillId":1}],"battlerHue":0,"battlerName":"","dropItems":[{"dataId":1,"denominator":1,"kind":0},{"dataId":1,"denominator":1,"kind":0},{"dataId":1,"denominator":1,"kind":0}],"exp":0,"traits":[{"code":22,"dataId":0,"value":0.95},{"code":22,"dataId":1,"value":0.05},{"code":31,"dataId":1,"value":0}],"gold":0,"name":"","note":"","params":[100,0,10,10,10,10,10,10]},
{"id":12,"actions":[{"conditionParam1":0,"conditionParam2":0,"conditionType":0,"rating":5,"skillId":1}],"battlerHue":0,"battlerName":"","dropItems":[{"dataId":1,"denominator":1,"kind":0},{"dataId":1,"denominator":1,"kind":0},{"dataId":1,"denominator":1,"kind":0}],"exp":0,"traits":[{"code":22,"dataId":0,"value":0.95},{"code":22,"dataId":1,"value":0.05},{"code":31,"dataId":1,"value":0}],"gold":0,"name":"","note":"","params":[100,0,10,10,10,10,10,10]},
{"id":13,"actions":[{"conditionParam1":0,"conditionParam2":0,"conditionType":0,"rating":5,"skillId":1}],"battlerHue":0,"battlerName":"","dropItems":[{"dataId":1,"denominator":1,"kind":0},{"dataId":1,"denominator":1,"kind":0},{"dataId":1,"denominator":1,"kind":0}],"exp":0,"traits":[{"code":22,"dataId":0,"value":0.95},{"code":22,"dataId":1,"value":0.05},{"code":31,"dataId":1,"value":0}],"gold":0,"name":"","note":"","params":[100,0,10,10,10,10,10,10]},
{"id":14,"actions":[{"conditionParam1":0,"conditionParam2":0,"conditionType":0,"rating":5,"skillId":1}],"battlerHue":0,"battlerName":"","dropItems":[{"dataId":1,"denominator":1,"kind":0},{"dataId":1,"denominator":1,"kind":0},{"dataId":1,"denominator":1,"kind":0}],"exp":0,"traits":[{"code":22,"dataId":0,"value":0.95},{"code":22,"dataId":1,"value":0.05},{"code":31,"dataId":1,"value":0}],"gold":0,"name":"","note":"","params":[100,0,10,10,10,10,10,10]},
{"id":15,"actions":[{"conditionParam1":0,"conditionParam2":0,"conditionType":0,"rating":3,"skillId":40},{"conditionParam1":0,"conditionParam2":0,"conditionType":0,"rating":1,"skillId":48}],"battlerHue":0,"battlerName":"","dropItems":[{"kind":1,"dataId":5,"denominator":1},{"dataId":1,"denominator":1,"kind":0},{"dataId":1,"denominator":1,"kind":0}],"exp":0,"traits":[{"code":31,"dataId":1,"value":0}],"gold":0,"name":"Fairy Queen","note":"<bossHpBar>\n<range: 1000>\n<noHpBar>","params":[1000,0,10,10,10,10,10,10]},
{"id":16,"actions":[{"conditionParam1":0,"conditionParam2":0,"conditionType":0,"rating":1,"skillId":52},{"conditionParam1":0,"conditionParam2":0,"conditionType":0,"rating":5,"skillId":60}],"battlerHue":0,"battlerName":"","dropItems":[{"kind":1,"dataId":6,"denominator":1},{"dataId":1,"denominator":1,"kind":0},{"dataId":1,"denominator":1,"kind":0}],"exp":0,"traits":[{"code":22,"dataId":0,"value":0.95},{"code":22,"dataId":1,"value":0.05},{"code":31,"dataId":1,"value":0}],"gold":0,"name":"Crystal Boss","note":"<bossHpBar>\n<range: 1000>\n<noHpBar>","params":[1000,0,10,10,10,10,10,10]},
{"id":17,"actions":[{"conditionParam1":0,"conditionParam2":0,"conditionType":0,"rating":5,"skillId":78},{"conditionParam1":0,"conditionParam2":0,"conditionType":0,"rating":1,"skillId":63},{"conditionParam1":0,"conditionParam2":0,"conditionType":0,"rating":2,"skillId":66}],"battlerHue":0,"battlerName":"","dropItems":[{"kind":1,"dataId":7,"denominator":1},{"dataId":1,"denominator":1,"kind":0},{"dataId":1,"denominator":1,"kind":0}],"exp":0,"traits":[{"code":22,"dataId":0,"value":0.95},{"code":22,"dataId":1,"value":0.05},{"code":31,"dataId":1,"value":0}],"gold":0,"name":"Dragon","note":"<bossHpBar>\n<range: 5000>\n<noHpBar>","params":[3000,0,10,10,10,10,10,10]}
]