[
null,
null,
null,
null,
null,
null,
{"id":6,"expanded":false,"name":"FairyWorld1","order":1,"parentId":0,"scrollX":1116,"scrollY":636},
{"id":7,"expanded":false,"name":"FairyWorld2","order":2,"parentId":0,"scrollX":1116,"scrollY":804},
{"id":8,"expanded":false,"name":"FairyWorld3","order":3,"parentId":0,"scrollX":1116,"scrollY":636},
{"id":9,"expanded":false,"name":"CrystalForest1","order":4,"parentId":0,"scrollX":1116,"scrollY":804},
{"id":10,"expanded":false,"name":"CrystalForest2","order":5,"parentId":0,"scrollX":1116,"scrollY":636},
{"id":11,"expanded":false,"name":"CrystalForest3","order":6,"parentId":0,"scrollX":1116,"scrollY":804},
{"id":12,"expanded":false,"name":"City1","order":7,"parentId":0,"scrollX":1404,"scrollY":790.2857142857142},
{"id":13,"expanded":false,"name":"City2","order":8,"parentId":0,"scrollX":1404,"scrollY":790.2857142857142},
{"id":14,"expanded":false,"name":"City3","order":9,"parentId":0,"scrollX":816,"scrollY":790},
{"id":15,"expanded":false,"name":"Volcano1","order":10,"parentId":0,"scrollX":1116,"scrollY":804},
{"id":16,"expanded":false,"name":"Volcano2","order":11,"parentId":0,"scrollX":1518.6666666666667,"scrollY":854.6666666666666},
{"id":17,"expanded":false,"name":"Volcano3","order":12,"parentId":0,"scrollX":1116,"scrollY":804},
{"id":18,"expanded":false,"name":"Volcano4","order":13,"parentId":0,"scrollX":1116,"scrollY":636}
]