[
null,
{"id":1,"test":true,"animationId":0,"damage":{"critical":true,"elementId":-1,"formula":"$gameSwitches.value(2) === true ? 2 : 1","type":0,"variance":0},"description":"Necronomibox Melee attack.","effects":[{"code":44,"dataId":19,"value1":1,"value2":0}],"hitType":1,"iconIndex":76,"message1":"","message2":"","mpCost":0,"name":"BoxMelee","note":"<absSettings>\ncooldown: $gameSwitches.value(2) === true ? 15 : 30\nthrough 0\n</absSettings>\n<absSequence>\nuser casting true 6\nuser lock\nuser pose atk\nuser forceSkill 2 -50\nuser forceSkill 3\nuser forceSkill 4\nuser forceSkill 5 50\nuser forceSkill 20 -50\nuser forceSkill 21\nuser forceSkill 22 50\ntrigger\nuser casting false\n</absSequence>\n<absOnDamage>\ntarget cancel\ntarget jump away 12\n</absOnDamage>","occasion":1,"repeats":1,"requiredWtypeId1":0,"requiredWtypeId2":0,"scope":2,"speed":0,"stypeId":0,"successRate":100,"tpCost":0,"tpGain":0},
{"id":2,"test":true,"animationId":0,"damage":{"critical":true,"elementId":-1,"formula":"$gameSwitches.value(2) === true ? (v[7] + 1) * 2 : 1","type":1,"variance":0},"description":"Necronomibox Melee attack central hitbox.","effects":[],"hitType":1,"iconIndex":76,"message1":"","message2":"","mpCost":0,"name":"BoxProjectile1","note":"<absSettings>\ncollider: box, 48, 24\nthrough 0\nrotate: true\ninfront: true\ncooldown: 60\n</absSettings>\n<absSequence>\nuser casting true\nuser lock\nuser pose atk\nmove forward 40 0 true\nuser casting false\n</absSequence>\n<absOnDamage>\ntarget cancel\nuser forceSkill 18\ntarget jump away 12\n</absOnDamage>","occasion":1,"repeats":1,"requiredWtypeId1":0,"requiredWtypeId2":0,"scope":2,"speed":0,"stypeId":0,"successRate":100,"tpCost":0,"tpGain":0},
{"id":3,"test":true,"animationId":0,"damage":{"critical":true,"elementId":-1,"formula":"$gameSwitches.value(2) === true ? (v[7] + 1) * 2 : 1","type":1,"variance":0},"description":"Necronomibox Melee attack central hitbox.","effects":[],"hitType":1,"iconIndex":76,"message1":"","message2":"","mpCost":0,"name":"Box Close","note":"<absSettings>\ncollider: box, 48, 36\nthrough 0\nrotate: true\ninfront: true\ncooldown: 60\n</absSettings>\n<absSequence>\nuser casting true\nuser lock\nuser pose atk\nuser casting false\n</absSequence>\n<absOnDamage>\ntarget cancel\nuser forceSkill 18\ntarget jump away 12\n</absOnDamage>","occasion":1,"repeats":1,"requiredWtypeId1":0,"requiredWtypeId2":0,"scope":2,"speed":0,"stypeId":0,"successRate":100,"tpCost":0,"tpGain":0},
{"id":4,"test":true,"animationId":0,"damage":{"critical":true,"elementId":-1,"formula":"$gameSwitches.value(2) === true ? (v[7] + 1) * 2 : 1","type":1,"variance":0},"description":"Necronomibox Melee attack central hitbox.","effects":[],"hitType":1,"iconIndex":76,"message1":"","message2":"","mpCost":0,"name":"BoxProjectile2","note":"<absSettings>\ncollider: box, 48, 24\nthrough 0\nrotate: true\ninfront: true\ncooldown: 60\n</absSettings>\n<absSequence>\nuser casting true\nuser lock\nuser pose atk\nmove forward 40 0 true\nuser casting false\n</absSequence>\n<absOnDamage>\ntarget cancel\nuser forceSkill 18\ntarget jump away 12\n</absOnDamage>","occasion":1,"repeats":1,"requiredWtypeId1":0,"requiredWtypeId2":0,"scope":2,"speed":0,"stypeId":0,"successRate":100,"tpCost":0,"tpGain":0},
{"id":5,"test":true,"animationId":0,"damage":{"critical":true,"elementId":-1,"formula":"$gameSwitches.value(2) === true ? (v[7] + 1) * 2 : 1","type":1,"variance":0},"description":"Necronomibox Melee attack central hitbox.","effects":[],"hitType":1,"iconIndex":76,"message1":"","message2":"","mpCost":0,"name":"BoxProjectile3","note":"<absSettings>\ncollider: box, 48, 24\nthrough 0\nrotate: true\ninfront: true\ncooldown: 60\n</absSettings>\n<absSequence>\nuser casting true\nuser lock\nuser pose atk\nmove forward 40 0 true\nuser casting false\n</absSequence>\n<absOnDamage>\ntarget cancel\nuser forceSkill 18\ntarget jump away 12\n</absOnDamage>","occasion":1,"repeats":1,"requiredWtypeId1":0,"requiredWtypeId2":0,"scope":2,"speed":0,"stypeId":0,"successRate":100,"tpCost":0,"tpGain":0},
{"id":6,"test":true,"animationId":0,"damage":{"critical":true,"elementId":-1,"formula":"5","type":1,"variance":0},"description":"Thug Basic Attack","effects":[],"hitType":1,"iconIndex":76,"message1":"","message2":"","mpCost":0,"name":"Smash","note":"<absSettings>\ncollider: box, 36, 48\nthrough 0\nrotate: true\ninfront: true\ncooldown: 60\n</absSettings>\n<absSequence>\nuser casting true\nuser lock\nuser pose atk\nwait 5\ntrigger\nwait 10\nuser casting false\n</absSequence>\n<absOnDamage>\ntarget jump away 12\nplayerhit\n</absOnDamage>","occasion":1,"repeats":1,"requiredWtypeId1":0,"requiredWtypeId2":0,"scope":2,"speed":0,"stypeId":0,"successRate":100,"tpCost":0,"tpGain":0},
{"id":7,"animationId":0,"damage":{"critical":false,"elementId":0,"formula":"1//a.atk","type":0,"variance":20},"description":"Dash away to escape a foe,\nor close the distance for a melee attack..","effects":[],"hitType":0,"iconIndex":82,"message1":"","message2":"","mpCost":0,"name":"Dash","note":"<towardsMove>\n<absSettings>\ncooldown: 30\n</absSettings>\n<absSequence>\nuser lock\nse roll_sound\ntrigger\nmove forward 200 0 true\nuser speed inc 3\nuser moveHere true\nuser speed dec 3\n</absSequence>","occasion":1,"repeats":1,"requiredWtypeId1":0,"requiredWtypeId2":0,"scope":11,"speed":0,"stypeId":0,"successRate":100,"tpCost":0,"tpGain":0},
{"id":8,"test":true,"animationId":0,"damage":{"critical":true,"elementId":-1,"formula":"$gameSwitches.value(2) === true ? 2 : 1","type":0,"variance":0},"description":"Necronomibox super attack.","effects":[{"code":44,"dataId":4,"value1":1,"value2":0}],"hitType":1,"iconIndex":76,"message1":"","message2":"","mpCost":0,"name":"SuperSoundwave","note":"<absSettings>\ncooldown: 30\nthrough 0\n</absSettings>\n<absSequence>\nuser casting true\nuser lock\nuser pose atk\ntrigger\nuser forceSkill 14\nuser forceSkill 13\nwait 15\nuser casting false\n</absSequence>\n<absOnDamage>\ntarget cancel\ntarget jump away 12\n</absOnDamage>","occasion":1,"repeats":1,"requiredWtypeId1":0,"requiredWtypeId2":0,"scope":2,"speed":0,"stypeId":0,"successRate":100,"tpCost":0,"tpGain":0},
{"id":9,"test":true,"animationId":32,"damage":{"critical":true,"elementId":-1,"formula":"1","type":1,"variance":0},"description":"Launch a powerful soundwave to\nget enemies off you.","effects":[{"code":44,"dataId":18,"value1":1,"value2":0}],"hitType":1,"iconIndex":78,"message1":"","message2":"","mpCost":0,"name":"Shockwave","note":"<absSettings>\ncooldown: 180\nrotate: false\ninfront: false\nthrough 0\n</absSettings>\n<absSequence>\nuser casting true\nuser lock\nuser pose atk\nwait 15\nuser forceSkill 10\nuser forceSkill 10 45\nuser forceSkill 10 90\nuser forceSkill 10 135\nuser forceSkill 10 180\nuser forceSkill 10 225\nuser forceSkill 10 270\nuser forceSkill 10 315\ntrigger\nwait 15\nuser casting false\n</absSequence>\n<absOnDamage>\ntarget cancel\ntarget move away 20\n</absOnDamage>","occasion":1,"repeats":1,"requiredWtypeId1":0,"requiredWtypeId2":0,"scope":2,"speed":0,"stypeId":0,"successRate":100,"tpCost":0,"tpGain":0},
{"id":10,"animationId":0,"damage":{"critical":false,"elementId":0,"formula":"Math.pow(2, (v[7] + 1))","type":1,"variance":20},"description":"","effects":[],"hitType":0,"iconIndex":0,"message1":"","message2":"","mpCost":0,"name":"Wave","note":"<absSettings>\ncollider: box, 200, 10\nthrough 0\nrotate: false\ninfront: false\n</absSettings>\n<absSequence>\nmove forward 400 10 false\nwait 5\n</absSequence>\n<absOnDamage>\ntarget cancel\ntarget jump away 5\ntarget jump away 5\ntarget jump away 5\ntarget jump away 5\ntarget jump away 5\n</absOnDamage>","occasion":0,"repeats":1,"requiredWtypeId1":0,"requiredWtypeId2":0,"scope":1,"speed":0,"stypeId":1,"successRate":100,"tpCost":0,"tpGain":0},
{"id":11,"animationId":0,"damage":{"critical":false,"elementId":0,"formula":"","type":1,"variance":0},"description":"Medium range projectile\nthat packs a punch.","effects":[{"code":44,"dataId":27,"value1":1,"value2":0}],"hitType":0,"iconIndex":104,"message1":"","message2":"","mpCost":0,"name":"Cassette","note":"<absSettings>\ncollider: box, 30, 30\nthrough: 3\ncooldown: 20\nrotate: true\ninfront: true\n</absSettings>\n<absSequence>\nuser forceSkill 12\nuser forceSkill 17\ntrigger\n</absSequence>","occasion":0,"repeats":1,"requiredWtypeId1":0,"requiredWtypeId2":0,"scope":1,"speed":0,"stypeId":0,"successRate":100,"tpCost":0,"tpGain":0},
{"id":12,"animationId":0,"damage":{"critical":false,"elementId":0,"formula":"$gameSwitches.value(10) === true ? (v[7] + 1) * 2 : 1","type":1,"variance":0},"description":"Medium range projectile\nthat packs a punch.","effects":[{"code":44,"dataId":10,"value1":1,"value2":0}],"hitType":0,"iconIndex":104,"message1":"","message2":"","mpCost":0,"name":"Cassette Projectile","note":"<absSettings>\ncollider: box, 30, 30\nthrough: 3\ncooldown: 20\nrotate: true\ninfront: true\n</absSettings>\n<absSequence>\nanimation 5\npicture cassette true 6\nmove forward 300 10 false\n</absSequence>\n<absOnDamage>\ntarget jump away 1\n</absOnDamage>","occasion":0,"repeats":1,"requiredWtypeId1":0,"requiredWtypeId2":0,"scope":1,"speed":0,"stypeId":0,"successRate":100,"tpCost":0,"tpGain":0},
{"id":13,"animationId":0,"damage":{"critical":false,"elementId":0,"formula":"1000","type":1,"variance":20},"description":"","effects":[{"code":44,"dataId":5,"value1":1,"value2":0}],"hitType":0,"iconIndex":0,"message1":"","message2":"","mpCost":0,"name":"SuperWave","note":"<absSettings>\ncollider: box, 300, 10\nthrough 0\nrotate: false\ninfront: false\n</absSettings>\n<absSequence>\nmove forward 500 10 false\nwait 5\n</absSequence>\n<absOnDamage>\ntarget cancel\nuser forceSkill 17\ntarget jump away 5\ntarget jump away 5\ntarget jump away 5\ntarget jump away 5\ntarget jump away 5\n</absOnDamage>","occasion":0,"repeats":1,"requiredWtypeId1":0,"requiredWtypeId2":0,"scope":1,"speed":0,"stypeId":1,"successRate":100,"tpCost":0,"tpGain":0},
{"id":14,"animationId":0,"damage":{"critical":false,"elementId":0,"formula":"0","type":0,"variance":20},"description":"","effects":[{"code":44,"dataId":6,"value1":1,"value2":0}],"hitType":0,"iconIndex":0,"message1":"","message2":"","mpCost":0,"name":"superCassette","note":"<absSequence>\ntrigger\n</absSequence>","occasion":0,"repeats":1,"requiredWtypeId1":0,"requiredWtypeId2":0,"scope":1,"speed":0,"stypeId":1,"successRate":100,"tpCost":0,"tpGain":0},
{"id":15,"test":true,"animationId":0,"damage":{"critical":true,"elementId":-1,"formula":"$gameSwitches.value(2) === true ? 2 : 1","type":0,"variance":0},"description":"Necronomibox Melee attack.","effects":[],"hitType":1,"iconIndex":76,"message1":"","message2":"","mpCost":0,"name":"BoxCentre","note":"<absSettings>\ncooldown: 30\nthrough 0\n</absSettings>\n<absSequence>\nanimation 4\nuser casting true\nuser lock\nuser pose atk\nuser forceSkill 2 -50\nuser forceSkill 3\nuser forceSkill 4\nuser forceSkill 5 50\nwait 15\nuser casting false\n</absSequence>\n<absOnDamage>\ntarget cancel\ntarget jump away 12\n</absOnDamage>","occasion":1,"repeats":1,"requiredWtypeId1":0,"requiredWtypeId2":0,"scope":2,"speed":0,"stypeId":0,"successRate":100,"tpCost":0,"tpGain":0},
{"id":16,"test":true,"animationId":0,"damage":{"critical":true,"elementId":-1,"formula":"2","type":1,"variance":0},"description":"Thug Basic Attack","effects":[],"hitType":1,"iconIndex":76,"message1":"","message2":"","mpCost":0,"name":"GOON Smash","note":"<absSettings>\ncollider: box, 36, 48\nthrough 0\nrotate: true\ninfront: true\ncooldown: 60\n</absSettings>\n<absSequence>\nuser casting true\nuser lock\nuser pose atk\nwait 5\ntrigger\nwait 10\nuser casting false\n</absSequence>\n<absOnDamage>\ntarget jump away 12\nplayerhit\n</absOnDamage>","occasion":1,"repeats":1,"requiredWtypeId1":0,"requiredWtypeId2":0,"scope":2,"speed":0,"stypeId":0,"successRate":100,"tpCost":0,"tpGain":0},
{"id":17,"animationId":0,"damage":{"critical":false,"elementId":0,"formula":"0","type":0,"variance":20},"description":"","effects":[{"code":44,"dataId":9,"value1":1,"value2":0}],"hitType":0,"iconIndex":0,"message1":"","message2":"","mpCost":0,"name":"Ranged Combo","note":"<absSequence>\ntrigger\n</absSequence>","occasion":0,"repeats":1,"requiredWtypeId1":0,"requiredWtypeId2":0,"scope":1,"speed":0,"stypeId":1,"successRate":100,"tpCost":0,"tpGain":0},
{"id":18,"animationId":0,"damage":{"critical":false,"elementId":0,"formula":"0","type":0,"variance":20},"description":"","effects":[{"code":44,"dataId":8,"value1":1,"value2":0}],"hitType":0,"iconIndex":0,"message1":"","message2":"","mpCost":0,"name":"Melee Combo","note":"<absSequence>\ntrigger\n</absSequence>","occasion":0,"repeats":1,"requiredWtypeId1":0,"requiredWtypeId2":0,"scope":1,"speed":0,"stypeId":1,"successRate":100,"tpCost":0,"tpGain":0},
{"id":19,"animationId":-1,"damage":{"critical":true,"elementId":-1,"formula":"a.atk","type":1,"variance":0},"description":"Shoots an arrow that pierces through enemies.","effects":[],"hitType":1,"iconIndex":74,"message1":" attacks!","message2":"","mpCost":0,"name":"Arrow","note":"<absSettings>\ncollider: box, 12, 36\nthrough: 3\n</absSettings>\n<absSequence>\nadjustAim\npicture arrow true 4\nmove forward 480 20\n</absSequence>","occasion":1,"repeats":1,"requiredWtypeId1":0,"requiredWtypeId2":0,"scope":1,"speed":0,"stypeId":0,"successRate":100,"tpCost":0,"tpGain":10},
{"id":20,"test":true,"animationId":0,"damage":{"critical":true,"elementId":-1,"formula":"$gameSwitches.value(2) === true ? (v[7] + 1) * 2 : 1","type":1,"variance":0},"description":"Necronomibox Melee attack central hitbox.","effects":[],"hitType":1,"iconIndex":76,"message1":"","message2":"","mpCost":0,"name":"BoxProjectile1Image","note":"<absSettings>\ncollider: box, 48, 24\nthrough 0\nrotate: true\ninfront: true\ncooldown: 60\n</absSettings>\n<absSequence>\nuser casting true\nuser lock\nuser pose atk\nmove forward 40 0 true\npicture boombox true 6\nse meleeHit\ntrigger\nwait 10\nuser casting false\n</absSequence>","occasion":1,"repeats":1,"requiredWtypeId1":0,"requiredWtypeId2":0,"scope":2,"speed":0,"stypeId":0,"successRate":100,"tpCost":0,"tpGain":0},
{"id":21,"test":true,"animationId":0,"damage":{"critical":true,"elementId":-1,"formula":"$gameSwitches.value(2) === true ? (v[7] + 1) * 2 : 1","type":1,"variance":0},"description":"Necronomibox Melee attack central hitbox.","effects":[],"hitType":1,"iconIndex":76,"message1":"","message2":"","mpCost":0,"name":"BoxProjectile2Image","note":"<absSettings>\ncollider: box, 48, 24\nthrough 0\nrotate: true\ninfront: true\ncooldown: 60\n</absSettings>\n<absSequence>\nuser casting true\nuser lock\nuser pose atk\nwait 5\nmove forward 40 0 true\npicture boombox true 6\ntrigger\nwait 10\nuser casting false\n</absSequence>","occasion":1,"repeats":1,"requiredWtypeId1":0,"requiredWtypeId2":0,"scope":2,"speed":0,"stypeId":0,"successRate":100,"tpCost":0,"tpGain":0},
{"id":22,"test":true,"animationId":0,"damage":{"critical":true,"elementId":-1,"formula":"$gameSwitches.value(2) === true ? (v[7] + 1) * 2 : 1","type":1,"variance":0},"description":"Necronomibox Melee attack central hitbox.","effects":[],"hitType":1,"iconIndex":76,"message1":"","message2":"","mpCost":0,"name":"BoxProjectile3Image","note":"<absSettings>\ncollider: box, 48, 24\nthrough 0\nrotate: true\ninfront: true\ncooldown: 60\n</absSettings>\n<absSequence>\nuser casting true\nuser lock\nuser pose atk\nwait 10\nmove forward 40 0 true\npicture boombox true 6\ntrigger\nwait 10\nuser casting false\n</absSequence>","occasion":1,"repeats":1,"requiredWtypeId1":0,"requiredWtypeId2":0,"scope":2,"speed":0,"stypeId":0,"successRate":100,"tpCost":0,"tpGain":0},
{"id":23,"animationId":0,"damage":{"critical":false,"elementId":0,"formula":"0","type":0,"variance":20},"description":"","effects":[],"hitType":0,"iconIndex":0,"message1":"","message2":"","mpCost":0,"name":"","note":"","occasion":0,"repeats":1,"requiredWtypeId1":0,"requiredWtypeId2":0,"scope":1,"speed":0,"stypeId":1,"successRate":100,"tpCost":0,"tpGain":0},
{"id":24,"animationId":0,"damage":{"critical":false,"elementId":0,"formula":"0","type":0,"variance":20},"description":"","effects":[],"hitType":0,"iconIndex":0,"message1":"","message2":"","mpCost":0,"name":"","note":"","occasion":0,"repeats":1,"requiredWtypeId1":0,"requiredWtypeId2":0,"scope":1,"speed":0,"stypeId":1,"successRate":100,"tpCost":0,"tpGain":0},
{"id":25,"animationId":0,"damage":{"critical":false,"elementId":0,"formula":"0","type":0,"variance":20},"description":"","effects":[{"code":44,"dataId":12,"value1":1,"value2":0}],"hitType":0,"iconIndex":0,"message1":"","message2":"","mpCost":0,"name":"Ending1","note":"<absSettings>\ncooldown: 30\nthrough 0\n</absSettings>\n<absSequence>\nuser casting true\nuser lock\nuser pose atk\nuser setDirection 2\ntrigger\nuser forceSkill 26\nuser forceSkill 27\nwait 15\nuser casting false\n</absSequence>","occasion":0,"repeats":1,"requiredWtypeId1":0,"requiredWtypeId2":0,"scope":1,"speed":0,"stypeId":1,"successRate":100,"tpCost":0,"tpGain":0},
{"id":26,"animationId":0,"damage":{"critical":false,"elementId":0,"formula":"0","type":0,"variance":20},"description":"","effects":[{"code":44,"dataId":13,"value1":1,"value2":0}],"hitType":0,"iconIndex":0,"message1":"","message2":"","mpCost":0,"name":"Ending2","note":"<absSettings>\ncollider: box, 300, 10\nthrough 0\nrotate: false\ninfront: false\n</absSettings>\n<absSequence>\ntrigger\nwait 5\n</absSequence>","occasion":0,"repeats":1,"requiredWtypeId1":0,"requiredWtypeId2":0,"scope":1,"speed":0,"stypeId":1,"successRate":100,"tpCost":0,"tpGain":0},
{"id":27,"animationId":0,"damage":{"critical":false,"elementId":0,"formula":"0","type":0,"variance":20},"description":"","effects":[{"code":44,"dataId":14,"value1":1,"value2":0}],"hitType":0,"iconIndex":0,"message1":"","message2":"","mpCost":0,"name":"Ending3","note":"<absSettings>\ncollider: box, 300, 10\nthrough 0\nrotate: false\ninfront: false\n</absSettings>\n<absSequence>\ntrigger\nwait 5\n</absSequence>","occasion":0,"repeats":1,"requiredWtypeId1":0,"requiredWtypeId2":0,"scope":1,"speed":0,"stypeId":1,"successRate":100,"tpCost":0,"tpGain":0},
{"id":28,"animationId":0,"damage":{"critical":false,"elementId":0,"formula":"0","type":0,"variance":20},"description":"","effects":[],"hitType":0,"iconIndex":0,"message1":"","message2":"","mpCost":0,"name":"","note":"","occasion":0,"repeats":1,"requiredWtypeId1":0,"requiredWtypeId2":0,"scope":1,"speed":0,"stypeId":1,"successRate":100,"tpCost":0,"tpGain":0},
{"id":29,"test":true,"animationId":0,"damage":{"critical":true,"elementId":-1,"formula":"2","type":1,"variance":0},"description":"Pixie Basic Attack","effects":[],"hitType":0,"iconIndex":70,"message1":"","message2":"","mpCost":0,"name":"Crystal Normal","note":"<absSettings>\ncollider: box, 20, 35\nthrough: 3\nrotate: true\ninfront: true\ncooldown: 200\n</absSettings>\n<absSequence>\nanimation 5\npicture shard true 6\nse Flash1 50 110\nmove forward 300 70 false\n</absSequence>\n<absOnDamage>\ntarget jump away 1\n</absOnDamage>","occasion":1,"repeats":1,"requiredWtypeId1":0,"requiredWtypeId2":0,"scope":2,"speed":0,"stypeId":0,"successRate":100,"tpCost":0,"tpGain":0},
{"id":30,"animationId":0,"damage":{"critical":false,"elementId":0,"formula":"0","type":0,"variance":20},"description":"","effects":[],"hitType":0,"iconIndex":0,"message1":"","message2":"","mpCost":0,"name":"","note":"","occasion":0,"repeats":1,"requiredWtypeId1":0,"requiredWtypeId2":0,"scope":1,"speed":0,"stypeId":1,"successRate":100,"tpCost":0,"tpGain":0},
{"id":31,"animationId":26,"damage":{"critical":false,"elementId":0,"formula":"1","type":1,"variance":20},"description":"","effects":[],"hitType":0,"iconIndex":0,"message1":"","message2":"","mpCost":0,"name":"Lizard Fire Base","note":"<absSettings>\ncollider: box, 30, 30\nthrough: 2\ncooldown: 120\nrotate: true\ninfront: false\n</absSettings>\n<absSequence>\nuser lock\ntrigger\nuser lock\nuser forceSkill 32\nuser forceSkill 33\nuser forceSkill 34\nuser moveHere\nwait 40\nuser moveHere\nuser unlock\n</absSequence>\n","occasion":0,"repeats":1,"requiredWtypeId1":0,"requiredWtypeId2":0,"scope":1,"speed":0,"stypeId":1,"successRate":100,"tpCost":0,"tpGain":0},
{"id":32,"animationId":0,"damage":{"critical":false,"elementId":0,"formula":"","type":0,"variance":20},"description":"","effects":[],"hitType":0,"iconIndex":0,"message1":"","message2":"","mpCost":0,"name":"Dragon Flame1","note":"<absSettings>\ncollider: box, 30, 30\nthrough: 0\ncooldown: 20\nrotate: true\ninfront: true\n</absSettings>\n<absSequence>\nadjustAim\nmove forward 50 1 false\nwait 30\ntrigger\nforceSkill 37\n</absSequence>\n","occasion":0,"repeats":1,"requiredWtypeId1":0,"requiredWtypeId2":0,"scope":1,"speed":0,"stypeId":1,"successRate":100,"tpCost":0,"tpGain":0},
{"id":33,"animationId":0,"damage":{"critical":false,"elementId":0,"formula":"","type":0,"variance":20},"description":"","effects":[],"hitType":0,"iconIndex":0,"message1":"","message2":"","mpCost":0,"name":"Dragon Flame2","note":"<absSettings>\ncollider: box, 30, 30\nthrough: 0\ncooldown: 20\nrotate: true\ninfront: true\n</absSettings>\n<absSequence>\nadjustAim\nmove forward 100 3 false\nwait 33\ntrigger\nforceSkill 37\n</absSequence>\n","occasion":0,"repeats":1,"requiredWtypeId1":0,"requiredWtypeId2":0,"scope":1,"speed":0,"stypeId":1,"successRate":100,"tpCost":0,"tpGain":0},
{"id":34,"animationId":0,"damage":{"critical":false,"elementId":0,"formula":"","type":0,"variance":20},"description":"","effects":[],"hitType":0,"iconIndex":0,"message1":"","message2":"","mpCost":0,"name":"Dragon Flame3","note":"<absSettings>\ncollider: box, 30, 30\nthrough: 0\ncooldown: 20\nrotate: true\ninfront: true\n</absSettings>\n<absSequence>\nadjustAim\nmove forward 150 4 false\nwait 36\ntrigger\nforceSkill 37\n</absSequence>\n","occasion":0,"repeats":1,"requiredWtypeId1":0,"requiredWtypeId2":0,"scope":1,"speed":0,"stypeId":1,"successRate":100,"tpCost":0,"tpGain":0},
{"id":35,"animationId":0,"damage":{"critical":false,"elementId":0,"formula":"0","type":0,"variance":20},"description":"","effects":[],"hitType":0,"iconIndex":0,"message1":"","message2":"","mpCost":0,"name":"","note":"","occasion":0,"repeats":1,"requiredWtypeId1":0,"requiredWtypeId2":0,"scope":1,"speed":0,"stypeId":1,"successRate":100,"tpCost":0,"tpGain":0},
{"id":36,"animationId":0,"damage":{"critical":false,"elementId":0,"formula":"0","type":0,"variance":20},"description":"","effects":[],"hitType":0,"iconIndex":0,"message1":"","message2":"","mpCost":0,"name":"","note":"","occasion":0,"repeats":1,"requiredWtypeId1":0,"requiredWtypeId2":0,"scope":1,"speed":0,"stypeId":1,"successRate":100,"tpCost":0,"tpGain":0},
{"id":37,"animationId":27,"damage":{"critical":false,"elementId":0,"formula":"1","type":1,"variance":0},"description":"","effects":[],"hitType":0,"iconIndex":0,"message1":"","message2":"","mpCost":0,"name":"Lizard Flame Pillar","note":"<absSettings>\ncollider: circle, 30, 30, 0, 0\nthrough 0\nrotate: false\ninfront: false\ncooldown: 30\n</absSettings>\n<absSequence>\nuser casting true\nuser lock\nuser pose atk\ntrigger\nwait 10\nuser casting false\n</absSequence>\n<absOnDamage>\ntarget cancel\ntarget jump away 12\n</absOnDamage>","occasion":0,"repeats":1,"requiredWtypeId1":0,"requiredWtypeId2":0,"scope":1,"speed":0,"stypeId":1,"successRate":100,"tpCost":0,"tpGain":0},
{"id":38,"animationId":0,"damage":{"critical":false,"elementId":0,"formula":"0","type":0,"variance":20},"description":"","effects":[],"hitType":0,"iconIndex":0,"message1":"","message2":"","mpCost":0,"name":"","note":"","occasion":0,"repeats":1,"requiredWtypeId1":0,"requiredWtypeId2":0,"scope":1,"speed":0,"stypeId":1,"successRate":100,"tpCost":0,"tpGain":0},
{"id":39,"animationId":0,"damage":{"critical":false,"elementId":0,"formula":"0","type":0,"variance":20},"description":"","effects":[],"hitType":0,"iconIndex":0,"message1":"","message2":"","mpCost":0,"name":"","note":"","occasion":0,"repeats":1,"requiredWtypeId1":0,"requiredWtypeId2":0,"scope":1,"speed":0,"stypeId":1,"successRate":100,"tpCost":0,"tpGain":0},
{"id":40,"animationId":0,"damage":{"critical":false,"elementId":0,"formula":"1","type":1,"variance":20},"description":"","effects":[],"hitType":0,"iconIndex":0,"message1":"","message2":"","mpCost":0,"name":"Fairy Projectile Base","note":"<absSettings>\ncollider: box, 30, 30\nthrough: 0\ncooldown: 60\nrotate: true\ninfront: true\n</absSettings>\n<absSequence>\ntrigger\nuser forceSkill 41\nuser forceSkill 42\nuser forceSkill 43\nuser forceSkill 44\nuser forceSkill 45\nuser forceSkill 46\n</absSequence>\n","occasion":0,"repeats":1,"requiredWtypeId1":0,"requiredWtypeId2":0,"scope":1,"speed":0,"stypeId":1,"successRate":100,"tpCost":0,"tpGain":0},
{"id":41,"animationId":0,"damage":{"critical":false,"elementId":0,"formula":"","type":0,"variance":20},"description":"","effects":[],"hitType":0,"iconIndex":0,"message1":"","message2":"","mpCost":0,"name":"Fairy Projectile","note":"<absSettings>\ncollider: box, 30, 30\nthrough: 0\ncooldown: 20\nrotate: true\ninfront: true\n</absSettings>\n<absSequence>\nadjustAim\nse Down2 20 150\npicture lightball true 6\nmove forward 50 1 false\nstore\ntrigger\nwait 70\nforceSkill 47\nse Damage1 50\n</absSequence>\n","occasion":0,"repeats":1,"requiredWtypeId1":0,"requiredWtypeId2":0,"scope":1,"speed":0,"stypeId":1,"successRate":100,"tpCost":0,"tpGain":0},
{"id":42,"animationId":0,"damage":{"critical":false,"elementId":0,"formula":"","type":0,"variance":20},"description":"","effects":[],"hitType":0,"iconIndex":0,"message1":"","message2":"","mpCost":0,"name":"Fairy Projectile1","note":"<absSettings>\ncollider: box, 30, 30\nthrough: 0\ncooldown: 20\nrotate: true\ninfront: true\n</absSettings>\n<absSequence>\nadjustAim\nwait 3\nse Down2 20 150\npicture lightball true 6\nmove forward 100 2 false\nstore\ntrigger\nwait 67\nforceSkill 47\n</absSequence>\n","occasion":0,"repeats":1,"requiredWtypeId1":0,"requiredWtypeId2":0,"scope":1,"speed":0,"stypeId":1,"successRate":100,"tpCost":0,"tpGain":0},
{"id":43,"animationId":0,"damage":{"critical":false,"elementId":0,"formula":"","type":0,"variance":20},"description":"","effects":[],"hitType":0,"iconIndex":0,"message1":"","message2":"","mpCost":0,"name":"Fairy Projectile2","note":"<absSettings>\ncollider: box, 30, 30\nthrough: 0\ncooldown: 20\nrotate: true\ninfront: true\n</absSettings>\n<absSequence>\nadjustAim\nwait 6\nse Down2 20 150\npicture lightball true 6\nmove forward 150 3 false\nstore\ntrigger\nwait 64\nforceSkill 47\n</absSequence>\n","occasion":0,"repeats":1,"requiredWtypeId1":0,"requiredWtypeId2":0,"scope":1,"speed":0,"stypeId":1,"successRate":100,"tpCost":0,"tpGain":0},
{"id":44,"animationId":0,"damage":{"critical":false,"elementId":0,"formula":"","type":0,"variance":20},"description":"","effects":[],"hitType":0,"iconIndex":0,"message1":"","message2":"","mpCost":0,"name":"Fairy Projectile3","note":"<absSettings>\ncollider: box, 30, 30\nthrough: 0\ncooldown: 20\nrotate: true\ninfront: true\n</absSettings>\n<absSequence>\nadjustAim\nwait 9\nse Down2 20 150\npicture lightball true 6\nmove forward 200 4 false\nstore\ntrigger\nwait 61\nforceSkill 47\n</absSequence>\n","occasion":0,"repeats":1,"requiredWtypeId1":0,"requiredWtypeId2":0,"scope":1,"speed":0,"stypeId":1,"successRate":100,"tpCost":0,"tpGain":0},
{"id":45,"animationId":0,"damage":{"critical":false,"elementId":0,"formula":"","type":0,"variance":20},"description":"","effects":[],"hitType":0,"iconIndex":0,"message1":"","message2":"","mpCost":0,"name":"Fairy Projectile4","note":"<absSettings>\ncollider: box, 30, 30\nthrough: 0\ncooldown: 20\nrotate: true\ninfront: true\n</absSettings>\n<absSequence>\nadjustAim\nwait 12\nse Down2 20 150\npicture lightball true 6\nmove forward 250 5 false\nstore\ntrigger\nwait 58\nforceSkill 47\n</absSequence>\n","occasion":0,"repeats":1,"requiredWtypeId1":0,"requiredWtypeId2":0,"scope":1,"speed":0,"stypeId":1,"successRate":100,"tpCost":0,"tpGain":0},
{"id":46,"animationId":0,"damage":{"critical":false,"elementId":0,"formula":"","type":0,"variance":20},"description":"","effects":[],"hitType":0,"iconIndex":0,"message1":"","message2":"","mpCost":0,"name":"Fairy Projectile5","note":"<absSettings>\ncollider: box, 30, 30\nthrough: 0\ncooldown: 20\nrotate: true\ninfront: true\n</absSettings>\n<absSequence>\nadjustAim\nwait 15\nse Down2 20 150\npicture lightball true 6\nmove forward 300 6 false\nstore\ntrigger\nwait 55\nforceSkill 47\n</absSequence>\n","occasion":0,"repeats":1,"requiredWtypeId1":0,"requiredWtypeId2":0,"scope":1,"speed":0,"stypeId":1,"successRate":100,"tpCost":0,"tpGain":0},
{"id":47,"animationId":2,"damage":{"critical":false,"elementId":0,"formula":"3","type":1,"variance":20},"description":"","effects":[],"hitType":0,"iconIndex":0,"message1":"","message2":"","mpCost":0,"name":"Fairy Explosion","note":"<absSettings>\ncollider: circle, 24, 24, 0, 0\nthrough 0\nrotate: false\ninfront: false\ncooldown: 60\n</absSettings>\n<absSequence>\nuser casting true\nuser lock\nuser pose atk\ntrigger\nwait 10\nuser casting false\n</absSequence>\n<absOnDamage>\ntarget cancel\ntarget jump away 12\n</absOnDamage>","occasion":0,"repeats":1,"requiredWtypeId1":0,"requiredWtypeId2":0,"scope":1,"speed":0,"stypeId":1,"successRate":100,"tpCost":0,"tpGain":0},
{"id":48,"animationId":0,"damage":{"critical":false,"elementId":0,"formula":"0","type":0,"variance":20},"description":"","effects":[],"hitType":0,"iconIndex":0,"message1":"","message2":"","mpCost":0,"name":"Fairy Dash","note":"<towardsMove>\n<absSettings>\ncooldown: 500\n</absSettings>\n<absSequence>\nuser lock\nse roll_sound\ntrigger\nmove forward 500 0 true\nuser speed inc 3\nuser moveHere true\nuser speed dec 3\nuser forceSkill 49\n</absSequence>","occasion":0,"repeats":1,"requiredWtypeId1":0,"requiredWtypeId2":0,"scope":1,"speed":0,"stypeId":1,"successRate":100,"tpCost":0,"tpGain":0},
{"id":49,"test":true,"animationId":1,"damage":{"critical":true,"elementId":-1,"formula":"$gameSwitches.value(2) === true ? 2 : 1","type":0,"variance":0},"description":"Necronomibox Melee attack.","effects":[],"hitType":1,"iconIndex":76,"message1":"","message2":"","mpCost":0,"name":"FairyMeleeBase","note":"<absSettings>\ncooldown: 30\nthrough 0\n</absSettings>\n<absSequence>\nuser casting true 6\nuser lock\nuser pose atk\nuser forceSkill 50 -50\nuser forceSkill 50\nuser forceSkill 50 50\ntrigger\nuser casting false\n</absSequence>\n<absOnDamage>\ntarget cancel\ntarget jump away 12\n</absOnDamage>","occasion":1,"repeats":1,"requiredWtypeId1":0,"requiredWtypeId2":0,"scope":2,"speed":0,"stypeId":0,"successRate":100,"tpCost":0,"tpGain":0},
{"id":50,"test":true,"animationId":20,"damage":{"critical":true,"elementId":-1,"formula":"5","type":1,"variance":0},"description":"Necronomibox Melee attack central hitbox.","effects":[],"hitType":1,"iconIndex":76,"message1":"","message2":"","mpCost":0,"name":"FairyMeleeAttack","note":"<absSettings>\ncollider: box, 48, 24\nthrough 0\nrotate: true\ninfront: true\ncooldown: 60\n</absSettings>\n<absSequence>\nuser casting true\nuser lock\nuser pose atk\nmove forward 40 0 true\nuser casting false\n</absSequence>\n<absOnDamage>\ntarget cancel\ntarget jump away 30\n</absOnDamage>","occasion":1,"repeats":1,"requiredWtypeId1":0,"requiredWtypeId2":0,"scope":2,"speed":0,"stypeId":0,"successRate":100,"tpCost":0,"tpGain":0},
{"id":51,"animationId":0,"damage":{"critical":false,"elementId":0,"formula":"0","type":0,"variance":20},"description":"","effects":[],"hitType":0,"iconIndex":0,"message1":"","message2":"","mpCost":0,"name":"","note":"","occasion":0,"repeats":1,"requiredWtypeId1":0,"requiredWtypeId2":0,"scope":1,"speed":0,"stypeId":1,"successRate":100,"tpCost":0,"tpGain":0},
{"id":52,"animationId":0,"damage":{"critical":false,"elementId":0,"formula":"1","type":1,"variance":20},"description":"","effects":[],"hitType":0,"iconIndex":0,"message1":"","message2":"","mpCost":0,"name":"Crystal Projectile Base","note":"<absSettings>\ncollider: box, 30, 30\nthrough: 2\ncooldown: 100\nrotate: true\ninfront: true\n</absSettings>\n<absSequence>\ntrigger\nuser forceSkill 53\nuser forceSkill 54\nuser forceSkill 55\nuser forceSkill 56\nuser forceSkill 57\n</absSequence>\n","occasion":0,"repeats":1,"requiredWtypeId1":0,"requiredWtypeId2":0,"scope":1,"speed":0,"stypeId":1,"successRate":100,"tpCost":0,"tpGain":0},
{"id":53,"animationId":0,"damage":{"critical":false,"elementId":0,"formula":"","type":0,"variance":20},"description":"","effects":[],"hitType":0,"iconIndex":0,"message1":"","message2":"","mpCost":0,"name":"Crystal Projectile","note":"<absSettings>\ncollider: box, 30, 30\nthrough: 0\ncooldown: 20\nrotate: true\ninfront: true\n</absSettings>\n<absSequence>\nadjustAim\ntrigger\nforceSkill 59\n</absSequence>\n","occasion":0,"repeats":1,"requiredWtypeId1":0,"requiredWtypeId2":0,"scope":1,"speed":0,"stypeId":1,"successRate":100,"tpCost":0,"tpGain":0},
{"id":54,"animationId":0,"damage":{"critical":false,"elementId":0,"formula":"","type":0,"variance":20},"description":"","effects":[],"hitType":0,"iconIndex":0,"message1":"","message2":"","mpCost":0,"name":"Crystal Projectile1","note":"<absSettings>\ncollider: box, 30, 30\nthrough: 0\ncooldown: 20\nrotate: true\ninfront: true\n</absSettings>\n<absSequence>\nadjustAim\nmove forward 100 2 false\nwait 25\ntrigger\nforceSkill 59\n</absSequence>\n","occasion":0,"repeats":1,"requiredWtypeId1":0,"requiredWtypeId2":0,"scope":1,"speed":0,"stypeId":1,"successRate":100,"tpCost":0,"tpGain":0},
{"id":55,"animationId":0,"damage":{"critical":false,"elementId":0,"formula":"","type":0,"variance":20},"description":"","effects":[],"hitType":0,"iconIndex":0,"message1":"","message2":"","mpCost":0,"name":"Crystal Projectile2","note":"<absSettings>\ncollider: box, 30, 30\nthrough: 0\ncooldown: 20\nrotate: true\ninfront: true\n</absSettings>\n<absSequence>\nadjustAim\nmove forward 200 3 false\nwait 50\ntrigger\nforceSkill 59\n</absSequence>\n","occasion":0,"repeats":1,"requiredWtypeId1":0,"requiredWtypeId2":0,"scope":1,"speed":0,"stypeId":1,"successRate":100,"tpCost":0,"tpGain":0},
{"id":56,"animationId":0,"damage":{"critical":false,"elementId":0,"formula":"","type":0,"variance":20},"description":"","effects":[],"hitType":0,"iconIndex":0,"message1":"","message2":"","mpCost":0,"name":"Crystal Projectile3","note":"<absSettings>\ncollider: box, 30, 30\nthrough: 0\ncooldown: 20\nrotate: true\ninfront: true\n</absSettings>\n<absSequence>\nadjustAim\nmove forward 300 4 false\nwait 75\ntrigger\nforceSkill 59\n</absSequence>\n","occasion":0,"repeats":1,"requiredWtypeId1":0,"requiredWtypeId2":0,"scope":1,"speed":0,"stypeId":1,"successRate":100,"tpCost":0,"tpGain":0},
{"id":57,"animationId":0,"damage":{"critical":false,"elementId":0,"formula":"","type":0,"variance":20},"description":"","effects":[],"hitType":0,"iconIndex":0,"message1":"","message2":"","mpCost":0,"name":"Crystal Projectile4","note":"<absSettings>\ncollider: box, 30, 30\nthrough: 0\ncooldown: 20\nrotate: true\ninfront: true\n</absSettings>\n<absSequence>\nadjustAim\nmove forward 400 5 false\nwait 100\ntrigger\nforceSkill 59\n</absSequence>\n","occasion":0,"repeats":1,"requiredWtypeId1":0,"requiredWtypeId2":0,"scope":1,"speed":0,"stypeId":1,"successRate":100,"tpCost":0,"tpGain":0},
{"id":58,"animationId":0,"damage":{"critical":false,"elementId":0,"formula":"0","type":0,"variance":20},"description":"","effects":[],"hitType":0,"iconIndex":0,"message1":"","message2":"","mpCost":0,"name":"","note":"","occasion":0,"repeats":1,"requiredWtypeId1":0,"requiredWtypeId2":0,"scope":1,"speed":0,"stypeId":1,"successRate":100,"tpCost":0,"tpGain":0},
{"id":59,"animationId":21,"damage":{"critical":false,"elementId":0,"formula":"5","type":1,"variance":20},"description":"","effects":[],"hitType":0,"iconIndex":0,"message1":"","message2":"","mpCost":0,"name":"Crystal Pillar","note":"<absSettings>\ncollider: circle, 96, 96, 0, 0\nthrough 0\nrotate: false\ninfront: false\ncooldown: 60\n</absSettings>\n<absSequence>\nuser casting true\nuser lock\nuser pose atk\ntrigger\nwait 120\nuser casting false\n</absSequence>\n<absOnDamage>\ntarget cancel\ntarget jump away 12\n</absOnDamage>","occasion":0,"repeats":1,"requiredWtypeId1":0,"requiredWtypeId2":0,"scope":1,"speed":0,"stypeId":1,"successRate":100,"tpCost":0,"tpGain":0},
{"id":60,"animationId":0,"damage":{"critical":false,"elementId":0,"formula":"5","type":1,"variance":0},"description":"Medium range projectile\nthat packs a punch.","effects":[],"hitType":0,"iconIndex":104,"message1":"","message2":"","mpCost":0,"name":"Shard Clump","note":"<absSettings>\ncollider: circle, 90, 90, 0, 0\nthrough: 2\ncooldown: 40\nrotate: true\ninfront: true\n</absSettings>\n<absSequence>\npicture shardClump true 6\nse Flash1 50 90\nmove forward 300 50 false\nwait 50\ntrigger\nforceSkill 61\nforceSkill 61 -60\nforceSkill 61 60\nforceSkill 61 -120\nforceSkill 61 120\nforceSkill 61 180\n</absSequence>\n<absOnDamage>\ntarget jump away 1\n</absOnDamage>","occasion":0,"repeats":1,"requiredWtypeId1":0,"requiredWtypeId2":0,"scope":1,"speed":0,"stypeId":0,"successRate":100,"tpCost":0,"tpGain":0},
{"id":61,"animationId":0,"damage":{"critical":false,"elementId":0,"formula":"3","type":1,"variance":0},"description":"Medium range projectile\nthat packs a punch.","effects":[],"hitType":0,"iconIndex":104,"message1":"","message2":"","mpCost":0,"name":"Shard","note":"<absSettings>\ncollider: box, 20, 35\nthrough: 2\ncooldown: 40\nrotate: false\ninfront: false\n</absSettings>\n<absSequence>\npicture shardBoss true 6\nse Flash1 50 110\nmove forward 100 15 false\n</absSequence>\n<absOnDamage>\ntarget jump away 1\n</absOnDamage>","occasion":0,"repeats":1,"requiredWtypeId1":0,"requiredWtypeId2":0,"scope":1,"speed":0,"stypeId":0,"successRate":100,"tpCost":0,"tpGain":0},
{"id":62,"animationId":0,"damage":{"critical":false,"elementId":0,"formula":"0","type":0,"variance":20},"description":"","effects":[],"hitType":0,"iconIndex":0,"message1":"","message2":"","mpCost":0,"name":"","note":"","occasion":0,"repeats":1,"requiredWtypeId1":0,"requiredWtypeId2":0,"scope":1,"speed":0,"stypeId":1,"successRate":100,"tpCost":0,"tpGain":0},
{"id":63,"animationId":0,"damage":{"critical":false,"elementId":0,"formula":"0","type":0,"variance":20},"description":"","effects":[],"hitType":0,"iconIndex":0,"message1":"","message2":"","mpCost":0,"name":"Dragon Dash","note":"<towardsMove>\n<absSettings>\ncooldown: 300\n</absSettings>\n<absSequence>\nuser lock\nse roll_sound\ntrigger\nmove forward 500 0 true\nuser speed inc 3\nuser moveHere true\nuser speed dec 3\nuser forceSkill 64\n</absSequence>","occasion":0,"repeats":1,"requiredWtypeId1":0,"requiredWtypeId2":0,"scope":1,"speed":0,"stypeId":1,"successRate":100,"tpCost":0,"tpGain":0},
{"id":64,"test":true,"animationId":0,"damage":{"critical":true,"elementId":-1,"formula":"$gameSwitches.value(2) === true ? 2 : 1","type":0,"variance":0},"description":"Necronomibox Melee attack.","effects":[],"hitType":1,"iconIndex":76,"message1":"","message2":"","mpCost":0,"name":"DragonMeleeBase","note":"<absSettings>\ncooldown: 30\nthrough 0\n</absSettings>\n<absSequence>\nuser casting true 6\nuser lock\nuser pose atk\nuser forceSkill 65 -50\nuser forceSkill 65\nuser forceSkill 65 50\ntrigger\nuser casting false\n</absSequence>\n<absOnDamage>\ntarget cancel\ntarget jump away 12\n</absOnDamage>","occasion":1,"repeats":1,"requiredWtypeId1":0,"requiredWtypeId2":0,"scope":2,"speed":0,"stypeId":0,"successRate":100,"tpCost":0,"tpGain":0},
{"id":65,"test":true,"animationId":0,"damage":{"critical":true,"elementId":-1,"formula":"3","type":1,"variance":0},"description":"Necronomibox Melee attack central hitbox.","effects":[{"code":44,"dataId":26,"value1":1,"value2":0}],"hitType":1,"iconIndex":76,"message1":"","message2":"","mpCost":0,"name":"DragonMeleeAttack","note":"<absSettings>\ncollider: box, 48, 24\nthrough 0\nrotate: true\ninfront: true\ncooldown: 60\n</absSettings>\n<absSequence>\nuser casting true\nuser lock\nuser pose atk\nmove forward 40 0 true\nuser casting false\n</absSequence>\n<absOnDamage>\ntarget cancel\ntarget jump away 30\n</absOnDamage>","occasion":1,"repeats":1,"requiredWtypeId1":0,"requiredWtypeId2":0,"scope":2,"speed":0,"stypeId":0,"successRate":100,"tpCost":0,"tpGain":0},
{"id":66,"animationId":23,"damage":{"critical":false,"elementId":0,"formula":"1","type":0,"variance":20},"description":"","effects":[],"hitType":0,"iconIndex":0,"message1":"","message2":"","mpCost":0,"name":"Dragon Fire Base","note":"<absSettings>\ncollider: box, 30, 30\nthrough: 2\ncooldown: 100\nrotate: true\ninfront: false\n</absSettings>\n<absSequence>\nuser lock\ntrigger\nuser forceSkill 67\nuser forceSkill 68\nuser forceSkill 69\nuser forceSkill 70\nuser forceSkill 71\nuser forceSkill 72\nuser forceSkill 73\nwait 40\nuser unlock\n</absSequence>\n","occasion":0,"repeats":1,"requiredWtypeId1":0,"requiredWtypeId2":0,"scope":1,"speed":0,"stypeId":1,"successRate":100,"tpCost":0,"tpGain":0},
{"id":67,"animationId":0,"damage":{"critical":false,"elementId":0,"formula":"","type":0,"variance":20},"description":"","effects":[],"hitType":0,"iconIndex":0,"message1":"","message2":"","mpCost":0,"name":"Dragon Flame1","note":"<absSettings>\ncollider: box, 30, 30\nthrough: 0\ncooldown: 20\nrotate: true\ninfront: true\n</absSettings>\n<absSequence>\nadjustAim\nmove forward 50 1 false\nwait 30\ntrigger\nforceSkill 77\n</absSequence>\n","occasion":0,"repeats":1,"requiredWtypeId1":0,"requiredWtypeId2":0,"scope":1,"speed":0,"stypeId":1,"successRate":100,"tpCost":0,"tpGain":0},
{"id":68,"animationId":0,"damage":{"critical":false,"elementId":0,"formula":"","type":0,"variance":20},"description":"","effects":[],"hitType":0,"iconIndex":0,"message1":"","message2":"","mpCost":0,"name":"Dragon Flame2","note":"<absSettings>\ncollider: box, 30, 30\nthrough: 0\ncooldown: 20\nrotate: true\ninfront: true\n</absSettings>\n<absSequence>\nadjustAim\nmove forward 100 3 false\nwait 33\ntrigger\nforceSkill 77\n</absSequence>\n","occasion":0,"repeats":1,"requiredWtypeId1":0,"requiredWtypeId2":0,"scope":1,"speed":0,"stypeId":1,"successRate":100,"tpCost":0,"tpGain":0},
{"id":69,"animationId":0,"damage":{"critical":false,"elementId":0,"formula":"","type":0,"variance":20},"description":"","effects":[],"hitType":0,"iconIndex":0,"message1":"","message2":"","mpCost":0,"name":"Dragon Flame3","note":"<absSettings>\ncollider: box, 30, 30\nthrough: 0\ncooldown: 20\nrotate: true\ninfront: true\n</absSettings>\n<absSequence>\nadjustAim\nmove forward 150 4 false\nwait 36\ntrigger\nforceSkill 77\n</absSequence>\n","occasion":0,"repeats":1,"requiredWtypeId1":0,"requiredWtypeId2":0,"scope":1,"speed":0,"stypeId":1,"successRate":100,"tpCost":0,"tpGain":0},
{"id":70,"animationId":0,"damage":{"critical":false,"elementId":0,"formula":"","type":0,"variance":20},"description":"","effects":[],"hitType":0,"iconIndex":0,"message1":"","message2":"","mpCost":0,"name":"Dragon Flame4","note":"<absSettings>\ncollider: box, 30, 30\nthrough: 0\ncooldown: 20\nrotate: true\ninfront: true\n</absSettings>\n<absSequence>\nadjustAim\nmove forward 200 5 false\nwait 39\ntrigger\nforceSkill 77\n</absSequence>\n","occasion":0,"repeats":1,"requiredWtypeId1":0,"requiredWtypeId2":0,"scope":1,"speed":0,"stypeId":1,"successRate":100,"tpCost":0,"tpGain":0},
{"id":71,"animationId":0,"damage":{"critical":false,"elementId":0,"formula":"","type":0,"variance":20},"description":"","effects":[],"hitType":0,"iconIndex":0,"message1":"","message2":"","mpCost":0,"name":"Dragon Flame5","note":"<absSettings>\ncollider: box, 30, 30\nthrough: 0\ncooldown: 20\nrotate: true\ninfront: true\n</absSettings>\n<absSequence>\nadjustAim\nmove forward 250 5 false\nwait 42\ntrigger\nforceSkill 77\n</absSequence>\n","occasion":0,"repeats":1,"requiredWtypeId1":0,"requiredWtypeId2":0,"scope":1,"speed":0,"stypeId":1,"successRate":100,"tpCost":0,"tpGain":0},
{"id":72,"animationId":0,"damage":{"critical":false,"elementId":0,"formula":"","type":0,"variance":20},"description":"","effects":[],"hitType":0,"iconIndex":0,"message1":"","message2":"","mpCost":0,"name":"Dragon Flame6","note":"<absSettings>\ncollider: box, 30, 30\nthrough: 0\ncooldown: 20\nrotate: true\ninfront: true\n</absSettings>\n<absSequence>\nadjustAim\nmove forward 300 5 false\nwait 45\ntrigger\nforceSkill 77\n</absSequence>\n","occasion":0,"repeats":1,"requiredWtypeId1":0,"requiredWtypeId2":0,"scope":1,"speed":0,"stypeId":1,"successRate":100,"tpCost":0,"tpGain":0},
{"id":73,"animationId":0,"damage":{"critical":false,"elementId":0,"formula":"","type":0,"variance":20},"description":"","effects":[],"hitType":0,"iconIndex":0,"message1":"","message2":"","mpCost":0,"name":"Dragon Flame7","note":"<absSettings>\ncollider: box, 30, 30\nthrough: 0\ncooldown: 20\nrotate: true\ninfront: true\n</absSettings>\n<absSequence>\nadjustAim\nmove forward 350 5 false\nwait 48\ntrigger\nforceSkill 77\n</absSequence>\n","occasion":0,"repeats":1,"requiredWtypeId1":0,"requiredWtypeId2":0,"scope":1,"speed":0,"stypeId":1,"successRate":100,"tpCost":0,"tpGain":0},
{"id":74,"animationId":0,"damage":{"critical":false,"elementId":0,"formula":"","type":0,"variance":20},"description":"","effects":[],"hitType":0,"iconIndex":0,"message1":"","message2":"","mpCost":0,"name":"Dragon Flame8","note":"<absSettings>\ncollider: box, 30, 30\nthrough: 0\ncooldown: 20\nrotate: true\ninfront: true\n</absSettings>\n<absSequence>\nadjustAim\nmove forward 400 5 false\nwait 51\ntrigger\nforceSkill 77\n</absSequence>\n","occasion":0,"repeats":1,"requiredWtypeId1":0,"requiredWtypeId2":0,"scope":1,"speed":0,"stypeId":1,"successRate":100,"tpCost":0,"tpGain":0},
{"id":75,"animationId":0,"damage":{"critical":false,"elementId":0,"formula":"","type":0,"variance":20},"description":"","effects":[],"hitType":0,"iconIndex":0,"message1":"","message2":"","mpCost":0,"name":"Dragon Flame9","note":"<absSettings>\ncollider: box, 30, 30\nthrough: 0\ncooldown: 20\nrotate: true\ninfront: true\n</absSettings>\n<absSequence>\nadjustAim\nmove forward 450 5 false\nwait 54\ntrigger\nforceSkill 77\n</absSequence>\n","occasion":0,"repeats":1,"requiredWtypeId1":0,"requiredWtypeId2":0,"scope":1,"speed":0,"stypeId":1,"successRate":100,"tpCost":0,"tpGain":0},
{"id":76,"animationId":0,"damage":{"critical":false,"elementId":0,"formula":"","type":0,"variance":20},"description":"","effects":[],"hitType":0,"iconIndex":0,"message1":"","message2":"","mpCost":0,"name":"Dragon Flame10","note":"<absSettings>\ncollider: box, 30, 30\nthrough: 0\ncooldown: 20\nrotate: true\ninfront: true\n</absSettings>\n<absSequence>\nadjustAim\nmove forward 500 5 false\nwait 57\ntrigger\nforceSkill 77\n</absSequence>\n","occasion":0,"repeats":1,"requiredWtypeId1":0,"requiredWtypeId2":0,"scope":1,"speed":0,"stypeId":1,"successRate":100,"tpCost":0,"tpGain":0},
{"id":77,"animationId":22,"damage":{"critical":false,"elementId":0,"formula":"2","type":1,"variance":20},"description":"","effects":[],"hitType":0,"iconIndex":0,"message1":"","message2":"","mpCost":0,"name":"Dragon Flame Pillar","note":"<absSettings>\ncollider: circle, 60, 60, 0, 0\nthrough 0\nrotate: false\ninfront: false\ncooldown: 30\n</absSettings>\n<absSequence>\nuser casting true\nuser lock\nuser pose atk\ntrigger\nwait 30\nuser casting false\n</absSequence>\n<absOnDamage>\ntarget cancel\ntarget jump away 12\n</absOnDamage>","occasion":0,"repeats":1,"requiredWtypeId1":0,"requiredWtypeId2":0,"scope":1,"speed":0,"stypeId":1,"successRate":100,"tpCost":0,"tpGain":0},
{"id":78,"animationId":25,"damage":{"critical":false,"elementId":0,"formula":"10","type":0,"variance":20},"description":"","effects":[],"hitType":0,"iconIndex":0,"message1":"","message2":"","mpCost":0,"name":"Dragon Jump Charge","note":"<absSettings>\ncollider: circle, 180, 180, 0, 0\nthrough 0\nrotate: false\ninfront: false\ncooldown: 40\n</absSettings>\n<absSequence>\nuser lock\ntrigger\nwait 20\nforceSkill 79\n</absSequence>","occasion":0,"repeats":1,"requiredWtypeId1":0,"requiredWtypeId2":0,"scope":1,"speed":0,"stypeId":1,"successRate":100,"tpCost":0,"tpGain":0},
{"id":79,"animationId":24,"damage":{"critical":false,"elementId":0,"formula":"5","type":1,"variance":20},"description":"","effects":[],"hitType":0,"iconIndex":0,"message1":"","message2":"","mpCost":0,"name":"Dragon Jump","note":"<absSettings>\ncollider: circle, 300, 300, 0, 60\nthrough 0\nrotate: false\ninfront: false\ncooldown: 30\n</absSettings>\n<absSequence>\nuser lock\nuser jump forward 0 true\ntrigger\n</absSequence>","occasion":0,"repeats":1,"requiredWtypeId1":0,"requiredWtypeId2":0,"scope":1,"speed":0,"stypeId":1,"successRate":100,"tpCost":0,"tpGain":0},
{"id":80,"animationId":0,"damage":{"critical":false,"elementId":0,"formula":"0","type":0,"variance":20},"description":"","effects":[],"hitType":0,"iconIndex":0,"message1":"","message2":"","mpCost":0,"name":"","note":"","occasion":0,"repeats":1,"requiredWtypeId1":0,"requiredWtypeId2":0,"scope":1,"speed":0,"stypeId":1,"successRate":100,"tpCost":0,"tpGain":0}
]